,original_seq,mutate_list_choice,final_sequence,average_confidence
0,ASSMASSYDQY,"[4, 5, 6, 7, 8]",ASSMRSSYEQY,0.08234893307089805
1,ASSMASSYDQY,"[4, 5, 6, 8, 7]",ASSMRSSYEQY,0.08231374099850655
2,ASSMASSYDQY,"[4, 5, 7, 6, 8]",ASSMRSSYEQY,0.08249582946300507
3,ASSMASSYDQY,"[4, 5, 7, 8, 6]",ASSMRSSYEQY,0.08267358839511871
4,ASSMASSYDQY,"[4, 5, 8, 6, 7]",ASSMRSSYEQY,0.07939132004976272
5,ASSMASSYDQY,"[4, 5, 8, 7, 6]",ASSMRSSYEQY,0.0787009134888649
6,ASSMASSYDQY,"[4, 6, 5, 7, 8]",ASSMRSSYEQY,0.08329835757613183
7,ASSMASSYDQY,"[4, 6, 5, 8, 7]",ASSMRSSYEQY,0.08326316550374031
8,ASSMASSYDQY,"[4, 6, 7, 5, 8]",ASSMRSSYEQY,0.08356234356760979
9,ASSMASSYDQY,"[4, 6, 7, 8, 5]",ASSMRSSYEQY,0.08282878622412682
10,ASSMASSYDQY,"[4, 6, 8, 5, 7]",ASSMRSSYEQY,0.08266624435782433
11,ASSMASSYDQY,"[4, 6, 8, 7, 5]",ASSMRSSYEQY,0.0827469177544117
12,ASSMASSYDQY,"[4, 7, 5, 6, 8]",ASSMRSSYEQY,0.08337967693805695
13,ASSMASSYDQY,"[4, 7, 5, 8, 6]",ASSMRSSYEQY,0.08355743587017059
14,ASSMASSYDQY,"[4, 7, 6, 5, 8]",ASSMRSSYEQY,0.08312160521745682
15,ASSMASSYDQY,"[4, 7, 6, 8, 5]",ASSMRSSYEQY,0.08238804787397384
16,ASSMASSYDQY,"[4, 7, 8, 5, 6]",ASSMRSSYEQY,0.08315890729427337
17,ASSMASSYDQY,"[4, 7, 8, 6, 5]",ASSMRSSYEQY,0.08238883763551712
18,ASSMASSYDQY,"[4, 8, 5, 6, 7]",ASSMRSSYEQY,0.07858054786920547
19,ASSMASSYDQY,"[4, 8, 5, 7, 6]",ASSMRSSYEQY,0.07789014130830765
20,ASSMASSYDQY,"[4, 8, 6, 5, 7]",ASSMRSSYEQY,0.07894187867641449
21,ASSMASSYDQY,"[4, 8, 6, 7, 5]",ASSMRSSYEQY,0.07902255207300186
22,ASSMASSYDQY,"[4, 8, 7, 5, 6]",ASSMRSSYEQY,0.07827752828598022
23,ASSMASSYDQY,"[4, 8, 7, 6, 5]",ASSMRSSYEQY,0.07750745862722397
24,ASSMASSYDQY,"[5, 4, 6, 7, 8]",ASSMRSSYEQY,0.08391068354249001
25,ASSMASSYDQY,"[5, 4, 6, 8, 7]",ASSMRSSYEQY,0.0838754914700985
26,ASSMASSYDQY,"[5, 4, 7, 6, 8]",ASSMRSSYEQY,0.08405757993459702
27,ASSMASSYDQY,"[5, 4, 7, 8, 6]",ASSMRSSYEQY,0.08423533886671067
28,ASSMASSYDQY,"[5, 4, 8, 6, 7]",ASSMRSSYEQY,0.08095307052135467
29,ASSMASSYDQY,"[5, 4, 8, 7, 6]",ASSMRSSYEQY,0.08026266396045685
30,ASSMASSYDQY,"[5, 6, 4, 7, 8]",ASSMRSSYEQY,0.08454556688666344
31,ASSMASSYDQY,"[5, 6, 4, 8, 7]",ASSMRSSYEQY,0.08451037481427193
32,ASSMASSYDQY,"[5, 6, 7, 4, 8]",ASSMRSSYEQY,0.08303500041365623
33,ASSMASSYDQY,"[5, 6, 7, 8, 4]",ASSMRSSYEQY,0.08409308269619942
34,ASSMASSYDQY,"[5, 6, 8, 4, 7]",ASSMRSSYEQY,0.0838384710252285
35,ASSMASSYDQY,"[5, 6, 8, 7, 4]",ASSMRSSYEQY,0.08367299661040306
36,ASSMASSYDQY,"[5, 7, 4, 6, 8]",ASSMRSSYEQY,0.0825047716498375
37,ASSMASSYDQY,"[5, 7, 4, 8, 6]",ASSMRSSYEQY,0.08268253058195114
38,ASSMASSYDQY,"[5, 7, 6, 4, 8]",ASSMRSSYEQY,0.08297121524810791
39,ASSMASSYDQY,"[5, 7, 6, 8, 4]",ASSMRSSYEQY,0.0840292975306511
40,ASSMASSYDQY,"[5, 7, 8, 4, 6]",ASSMRSSYEQY,0.08385412991046906
41,ASSMASSYDQY,"[5, 7, 8, 6, 4]",ASSMRSSYEQY,0.0841646745800972
42,ASSMASSYDQY,"[5, 8, 4, 6, 7]",ASSMRSSYEQY,0.0806303545832634
43,ASSMASSYDQY,"[5, 8, 4, 7, 6]",ASSMRSSYEQY,0.07993994802236556
44,ASSMASSYDQY,"[5, 8, 6, 4, 7]",ASSMRSSYEQY,0.08067271560430526
45,ASSMASSYDQY,"[5, 8, 6, 7, 4]",ASSMRSSYEQY,0.08050724118947983
46,ASSMASSYDQY,"[5, 8, 7, 4, 6]",ASSMRSSYEQY,0.07933674603700638
47,ASSMASSYDQY,"[5, 8, 7, 6, 4]",ASSMRSSYEQY,0.07964729070663452
48,ASSMASSYDQY,"[6, 4, 5, 7, 8]",ASSMRSSYEQY,0.08458858504891395
49,ASSMASSYDQY,"[6, 4, 5, 8, 7]",ASSMRSSYEQY,0.08455339297652245
50,ASSMASSYDQY,"[6, 4, 7, 5, 8]",ASSMRSSYEQY,0.08485257104039193
51,ASSMASSYDQY,"[6, 4, 7, 8, 5]",ASSMRSSYEQY,0.08411901369690895
52,ASSMASSYDQY,"[6, 4, 8, 5, 7]",ASSMRSSYEQY,0.08395647183060646
53,ASSMASSYDQY,"[6, 4, 8, 7, 5]",ASSMRSSYEQY,0.08403714522719383
54,ASSMASSYDQY,"[6, 5, 4, 7, 8]",ASSMRSSYEQY,0.08537275120615959
55,ASSMASSYDQY,"[6, 5, 4, 8, 7]",ASSMRSSYEQY,0.08533755913376809
56,ASSMASSYDQY,"[6, 5, 7, 4, 8]",ASSMRSSYEQY,0.08386218473315239
57,ASSMASSYDQY,"[6, 5, 7, 8, 4]",ASSMRSSYEQY,0.08492026701569558
58,ASSMASSYDQY,"[6, 5, 8, 4, 7]",ASSMRSSYEQY,0.08466565534472466
59,ASSMASSYDQY,"[6, 5, 8, 7, 4]",ASSMRSSYEQY,0.08450018092989922
60,ASSMASSYDQY,"[6, 7, 4, 5, 8]",ASSMRSSYEQY,0.08318738862872124
61,ASSMASSYDQY,"[6, 7, 4, 8, 5]",ASSMRSSYEQY,0.08245383128523827
62,ASSMASSYDQY,"[6, 7, 5, 4, 8]",ASSMRSSYEQY,0.08375735059380532
63,ASSMASSYDQY,"[6, 7, 5, 8, 4]",ASSMRSSYEQY,0.08481543287634849
64,ASSMASSYDQY,"[6, 7, 8, 4, 5]",ASSMRSSYEQY,0.08259550109505653
65,ASSMASSYDQY,"[6, 7, 8, 5, 4]",ASSMRSSYEQY,0.08424702063202857
66,ASSMASSYDQY,"[6, 8, 4, 5, 7]",ASSMRSSYEQY,0.08271536603569984
67,ASSMASSYDQY,"[6, 8, 4, 7, 5]",ASSMRSSYEQY,0.08279603943228722
68,ASSMASSYDQY,"[6, 8, 5, 4, 7]",ASSMRSSYEQY,0.0844225250184536
69,ASSMASSYDQY,"[6, 8, 5, 7, 4]",ASSMRSSYEQY,0.08425705060362816
70,ASSMASSYDQY,"[6, 8, 7, 4, 5]",ASSMRSSYEQY,0.08224169984459877
71,ASSMASSYDQY,"[6, 8, 7, 5, 4]",ASSMRSSYEQY,0.08389321938157082
72,ASSMASSYDQY,"[7, 4, 5, 6, 8]",ASSMRSSYEQY,0.08158230483531952
73,ASSMASSYDQY,"[7, 4, 5, 8, 6]",ASSMRSSYEQY,0.08176006376743317
74,ASSMASSYDQY,"[7, 4, 6, 5, 8]",ASSMRSSYEQY,0.0813242331147194
75,ASSMASSYDQY,"[7, 4, 6, 8, 5]",ASSMRSSYEQY,0.08059067577123642
76,ASSMASSYDQY,"[7, 4, 8, 5, 6]",ASSMRSSYEQY,0.08136153519153595
77,ASSMASSYDQY,"[7, 4, 8, 6, 5]",ASSMRSSYEQY,0.0805914655327797
78,ASSMASSYDQY,"[7, 5, 4, 6, 8]",ASSMRSSYEQY,0.08222808241844178
79,ASSMASSYDQY,"[7, 5, 4, 8, 6]",ASSMRSSYEQY,0.08240584135055543
80,ASSMASSYDQY,"[7, 5, 6, 4, 8]",ASSMRSSYEQY,0.08269452601671219
81,ASSMASSYDQY,"[7, 5, 6, 8, 4]",ASSMRSSYEQY,0.08375260829925538
82,ASSMASSYDQY,"[7, 5, 8, 4, 6]",ASSMRSSYEQY,0.08357744067907333
83,ASSMASSYDQY,"[7, 5, 8, 6, 4]",ASSMRSSYEQY,0.08388798534870148
84,ASSMASSYDQY,"[7, 6, 4, 5, 8]",ASSMRSSYEQY,0.08172135204076766
85,ASSMASSYDQY,"[7, 6, 4, 8, 5]",ASSMRSSYEQY,0.0809877946972847
86,ASSMASSYDQY,"[7, 6, 5, 4, 8]",ASSMRSSYEQY,0.08229131400585174
87,ASSMASSYDQY,"[7, 6, 5, 8, 4]",ASSMRSSYEQY,0.08334939628839493
88,ASSMASSYDQY,"[7, 6, 8, 4, 5]",ASSMRSSYEQY,0.08112946450710297
89,ASSMASSYDQY,"[7, 6, 8, 5, 4]",ASSMRSSYEQY,0.08278098404407501
90,ASSMASSYDQY,"[7, 8, 4, 5, 6]",ASSMRSSYEQY,0.08177818059921264
91,ASSMASSYDQY,"[7, 8, 4, 6, 5]",ASSMRSSYEQY,0.08100811094045639
92,ASSMASSYDQY,"[7, 8, 5, 4, 6]",ASSMRSSYEQY,0.08313679695129395
93,ASSMASSYDQY,"[7, 8, 5, 6, 4]",ASSMRSSYEQY,0.08344734162092209
94,ASSMASSYDQY,"[7, 8, 6, 4, 5]",ASSMRSSYEQY,0.08107088059186936
95,ASSMASSYDQY,"[7, 8, 6, 5, 4]",ASSMRSSYEQY,0.0827224001288414
96,ASSMASSYDQY,"[8, 4, 5, 6, 7]",ASSMRSSYEQY,0.07798208445310592
97,ASSMASSYDQY,"[8, 4, 5, 7, 6]",ASSMRSSYEQY,0.0772916778922081
98,ASSMASSYDQY,"[8, 4, 6, 5, 7]",ASSMRSSYEQY,0.07834341526031494
99,ASSMASSYDQY,"[8, 4, 6, 7, 5]",ASSMRSSYEQY,0.07842408865690231
100,ASSMASSYDQY,"[8, 4, 7, 5, 6]",ASSMRSSYEQY,0.07767906486988067
101,ASSMASSYDQY,"[8, 4, 7, 6, 5]",ASSMRSSYEQY,0.07690899521112442
102,ASSMASSYDQY,"[8, 5, 4, 6, 7]",ASSMRSSYEQY,0.0792810246348381
103,ASSMASSYDQY,"[8, 5, 4, 7, 6]",ASSMRSSYEQY,0.07859061807394027
104,ASSMASSYDQY,"[8, 5, 6, 4, 7]",ASSMRSSYEQY,0.07932338565587997
105,ASSMASSYDQY,"[8, 5, 6, 7, 4]",ASSMRSSYEQY,0.07915791124105453
106,ASSMASSYDQY,"[8, 5, 7, 4, 6]",ASSMRSSYEQY,0.07798741608858109
107,ASSMASSYDQY,"[8, 5, 7, 6, 4]",ASSMRSSYEQY,0.07829796075820923
108,ASSMASSYDQY,"[8, 6, 4, 5, 7]",ASSMRSSYEQY,0.07839691415429115
109,ASSMASSYDQY,"[8, 6, 4, 7, 5]",ASSMRSSYEQY,0.07847758755087852
110,ASSMASSYDQY,"[8, 6, 5, 4, 7]",ASSMRSSYEQY,0.0801040731370449
111,ASSMASSYDQY,"[8, 6, 5, 7, 4]",ASSMRSSYEQY,0.07993859872221946
112,ASSMASSYDQY,"[8, 6, 7, 4, 5]",ASSMRSSYEQY,0.07792324796319008
113,ASSMASSYDQY,"[8, 6, 7, 5, 4]",ASSMRSSYEQY,0.07957476750016212
114,ASSMASSYDQY,"[8, 7, 4, 5, 6]",ASSMRSSYEQY,0.07655318379402161
115,ASSMASSYDQY,"[8, 7, 4, 6, 5]",ASSMRSSYEQY,0.07578311413526535
116,ASSMASSYDQY,"[8, 7, 5, 4, 6]",ASSMRSSYEQY,0.07791180014610291
117,ASSMASSYDQY,"[8, 7, 5, 6, 4]",ASSMRSSYEQY,0.07822234481573105
118,ASSMASSYDQY,"[8, 7, 6, 4, 5]",ASSMRSSYEQY,0.07584588378667831
119,ASSMASSYDQY,"[8, 7, 6, 5, 4]",ASSMRSSYEQY,0.07749740332365036
