hd_original,hd_mask_count,hd_mask_pos
ASSLIVAGGYNEQF,10,"[8, 13, 2, 11, 9, 6, 7, 0, 5, 10]"
CASSPAGGTDTQYF,9,"[11, 10, 12, 3, 8, 1, 6, 9, 7]"
CASSPHSYEQYF,5,"[5, 8, 7, 6, 2]"
ASSLVGDSYNEQF,6,"[12, 7, 4, 1, 8, 10]"
CAISESGYRGPPGANVLTF,16,"[13, 11, 10, 17, 18, 2, 1, 16, 9, 0, 8, 4, 3, 14, 5, 6]"
CASSSGQGVDAFF,5,"[4, 5, 9, 11, 10]"
CASSVRGTEIYEQYF,11,"[7, 11, 14, 4, 12, 2, 10, 6, 9, 3, 0]"
ASSDGTGVGLGYT,2,"[1, 5]"
CASSQGQGAYGYTF,2,"[0, 5]"
CSASRLVSDRNQPQHF,1,[2]
CASSPFLLAGETQYF,12,"[1, 7, 4, 2, 6, 12, 5, 9, 14, 8, 11, 10]"
CASSQGRDRHGYTF,4,"[10, 5, 8, 9]"
CASSLGQEHIEAFF,11,"[3, 2, 6, 13, 8, 11, 7, 10, 12, 5, 1]"
CASSQDVAATYEQYF,1,[5]
CSVEKGTATLEQYF,4,"[3, 5, 11, 7]"
CASSLEGQGGSPLHF,4,"[5, 9, 14, 4]"
CASSEFLDYYGYTF,2,"[13, 0]"
CASSPGTGLGYEQFF,9,"[6, 5, 2, 7, 3, 1, 13, 14, 11]"
CASSPLVGGRYNEQYF,2,"[4, 1]"
CASSDHQGGDGNTIYF,11,"[0, 2, 6, 11, 9, 13, 5, 3, 14, 12, 4]"
CSARDYNSYEQYF,6,"[7, 10, 9, 6, 2, 11]"
CASSLTWDEKLFF,3,"[10, 0, 8]"
CASSMSQGNEQYF,2,"[5, 7]"
CSATHGRAHEQYF,5,"[6, 10, 9, 11, 5]"
CASSIYSNTEAFF,10,"[10, 7, 5, 2, 4, 3, 8, 9, 11, 6]"
CASSDRDSTYEQYF,11,"[0, 12, 5, 10, 8, 11, 9, 6, 2, 13, 1]"
CATVPFNQKLLF,4,"[0, 8, 1, 7]"
CASSEWTGAETQYF,4,"[11, 0, 10, 9]"
CASSFLGADTQYF,6,"[4, 10, 12, 1, 6, 7]"
CASSLAMVGSNQPQHF,3,"[11, 7, 4]"
CASSPNGPGAEAFF,5,"[10, 12, 5, 1, 6]"
CASSLFVQEISYEQYF,2,"[2, 1]"
CASSLAGGKETQYF,6,"[9, 10, 13, 5, 6, 11]"
CSAVGGAKNIQYF,3,"[1, 9, 6]"
CASSSGQFEETQYF,7,"[10, 6, 3, 8, 7, 9, 12]"
CASGGTGLEGDTQYF,2,"[4, 1]"
CATQRNQETQYF,1,[6]
CASSLPGLAGEETQYF,11,"[2, 9, 7, 0, 12, 6, 1, 8, 5, 10, 15]"
CASSPPRLRDTQYF,1,[9]
CASSQEFGTGTGSYEQYF,3,"[5, 11, 16]"
CASSYEAGGLLDTQYF,14,"[3, 1, 14, 5, 8, 11, 15, 9, 4, 13, 7, 0, 2, 10]"
CAISDAGAGNQPQHF,11,"[6, 12, 8, 4, 3, 2, 10, 11, 1, 7, 13]"
CASSHPTGEETQYF,11,"[13, 6, 9, 8, 11, 10, 3, 0, 2, 1, 7]"
CASSSRTGGDEKLFF,9,"[6, 2, 0, 1, 7, 10, 4, 13, 11]"
CASSQDTIGQVANYGYTF,10,"[11, 10, 7, 4, 14, 1, 6, 5, 17, 15]"
CASGHGETQYF,8,"[9, 10, 4, 7, 3, 0, 5, 8]"
CAMASAARAEAFF,11,"[8, 0, 5, 10, 2, 9, 6, 11, 7, 1, 12]"
CASSSAGAYEQYF,5,"[5, 12, 8, 6, 11]"
CSASAPRGLLQETQYL,4,"[14, 8, 5, 7]"
ASSSNDWYNEQF,7,"[4, 11, 8, 9, 3, 7, 10]"
ASSVADPYEQY,7,"[9, 2, 8, 1, 0, 10, 3]"
CASTKIDRTVNNEQFF,2,"[11, 7]"
CASSYSNLGSTDTQYF,2,"[0, 8]"
CASSHRNTLEAFF,6,"[0, 11, 5, 10, 4, 1]"
CASGPATSAEQETQYF,10,"[15, 14, 5, 0, 12, 13, 8, 11, 4, 10]"
CASSPRGEYTGELFF,10,"[8, 1, 12, 4, 14, 0, 11, 5, 2, 7]"
CASSYHRGLAGYEQYF,9,"[11, 2, 13, 15, 1, 9, 0, 5, 7]"
CSASSGGGRTDTQYF,2,"[4, 1]"
CASSLRVGGSGYEQYF,5,"[15, 9, 1, 11, 6]"
CASSLRVRGSTEAFF,5,"[6, 8, 14, 12, 0]"
CSVDLEANYGYTF,11,"[1, 3, 5, 12, 8, 9, 6, 4, 10, 11, 2]"
CASSLDLLGSAVDQYF,2,"[14, 11]"
CATSDLSGMDEQFF,3,"[0, 12, 11]"
CASIPRDRGIFGYTF,7,"[1, 10, 0, 2, 5, 8, 4]"
CASSMWGLLNTEAFF,1,[7]
CASSLVTDSQETQYF,3,"[13, 12, 8]"
CASSLDANSPLHF,8,"[0, 7, 8, 4, 5, 6, 2, 12]"
ASSMASSYDQY,2,"[6, 7]"
CASTTPGQGVYEQYF,6,"[7, 12, 13, 3, 8, 0]"
ASSINGVGITEAF,4,"[9, 3, 4, 8]"
CSVEDRSGRYTEAFF,3,"[8, 0, 13]"
CASSSLDVAGYEQYF,10,"[12, 0, 7, 2, 13, 10, 5, 11, 6, 9]"
CASSEPSDIAKNIQYF,8,"[1, 2, 8, 6, 12, 9, 5, 4]"
CASSQTVPYEQYF,4,"[11, 1, 2, 5]"
ASSPFVRQGPLMKNCF,3,"[5, 13, 10]"
CASRGLGDYEQYF,6,"[11, 8, 0, 6, 9, 3]"
CASSFRSGLSSYEQYF,7,"[12, 6, 14, 10, 8, 11, 9]"
CSVLVAPTNEQFF,7,"[1, 6, 8, 11, 5, 7, 12]"
CASSEAAENQPQHF,2,"[10, 3]"
CASRDTSGTAYEQYF,5,"[8, 13, 7, 9, 14]"
CSAGTGEGGEQFF,5,"[9, 11, 5, 8, 0]"
CASSRADWTPQHF,4,"[12, 7, 5, 1]"
CCARDRVGNGYTF,7,"[9, 5, 4, 1, 0, 6, 10]"
CASSDYNEQFF,3,"[8, 3, 4]"
CASSLGQGRIYEQYF,4,"[5, 9, 2, 3]"
CASSILRGSGANVLTF,14,"[0, 13, 15, 12, 9, 14, 7, 1, 4, 3, 11, 2, 6, 8]"
CASGRLSYNEQFF,9,"[8, 12, 11, 1, 6, 3, 9, 7, 0]"
CASSLRTDRSYEQYF,3,"[11, 12, 2]"
CASSLIGRDEQFF,11,"[9, 8, 4, 10, 12, 5, 11, 0, 7, 3, 6]"
CASSQEPWEDQETQYF,13,"[9, 15, 1, 2, 7, 13, 11, 10, 6, 14, 0, 4, 12]"
ASSQLHGRGDNEQF,7,"[8, 3, 7, 6, 11, 2, 10]"
CASSWGDYNEQFF,11,"[10, 5, 3, 6, 8, 0, 4, 7, 1, 2, 11]"
CARSQSPGGTQYF,10,"[5, 1, 8, 9, 4, 11, 2, 10, 7, 6]"
CASSGAGGHETQYF,6,"[3, 5, 8, 2, 7, 6]"
CATSSSGLGAEQYF,4,"[2, 0, 3, 10]"
CASSAGGGGSQETQYF,5,"[12, 10, 5, 2, 4]"
ASSRTQSRGPNEKLF,10,"[5, 2, 12, 9, 10, 4, 7, 0, 14, 13]"
CASSQGGDGYGYTF,12,"[11, 5, 9, 7, 10, 3, 2, 12, 8, 0, 6, 1]"
CASSYSASGGEQFF,8,"[11, 6, 4, 5, 12, 13, 0, 3]"
CATSDGTPDSDPYEQYF,6,"[9, 3, 12, 5, 7, 4]"
CASSRYFDEQYF,4,"[4, 11, 6, 2]"
CSARGLAGGYQETQYF,6,"[3, 7, 11, 2, 6, 9]"
CASSFLAGVSYEQYF,2,"[2, 9]"
CASGASGIGFGTDTQYF,5,"[8, 10, 6, 12, 2]"
CASSQSGGTQYF,2,"[3, 5]"
CATSRDWYEQYF,5,"[2, 9, 8, 4, 0]"
CATVSGSRLTF,5,"[8, 0, 10, 9, 4]"
CASSWRRNTEAFF,9,"[7, 5, 8, 10, 2, 0, 1, 12, 3]"
CSVEDQRKTKNIQYF,2,"[5, 8]"
CAVTAGDEQFF,9,"[3, 8, 6, 10, 4, 7, 5, 2, 9]"
CASSQDWFVRGPNQPQHF,4,"[17, 16, 7, 13]"
CASSLDTWTGELFF,11,"[7, 1, 8, 12, 3, 4, 11, 10, 5, 13, 6]"
CSARDRGQGPSYEQYF,4,"[11, 4, 3, 10]"
CASKKERAYNEQFF,9,"[0, 5, 9, 12, 4, 1, 13, 6, 10]"
CASSEAGVGTEAFF,8,"[8, 7, 4, 0, 10, 1, 9, 11]"
CASSQVRDQPQHF,3,"[11, 6, 9]"
CASGGLANTEAFF,6,"[2, 4, 6, 5, 8, 7]"
CASSLLSDKVNTIYF,10,"[0, 9, 2, 10, 14, 5, 11, 1, 13, 12]"
CSALGGDGETQYF,11,"[9, 10, 2, 0, 7, 3, 8, 1, 12, 11, 4]"
CASSLETGTAYEQYF,3,"[5, 9, 11]"
CASSTRSTDTQYF,9,"[11, 1, 4, 12, 7, 3, 9, 10, 6]"
CSARAGGGATEAFF,8,"[3, 6, 12, 11, 5, 8, 13, 9]"
CSVEGGSRSSYNEQFF,6,"[6, 9, 3, 1, 10, 12]"
CASSWETETEAFF,7,"[5, 3, 1, 2, 9, 7, 6]"
CASSRTGGGLYTEAFF,13,"[7, 5, 0, 13, 10, 6, 14, 9, 1, 4, 8, 12, 11]"
CCVVGRGSGTSGAYSYNEQFF,5,"[16, 6, 9, 15, 5]"
CASSIDGTDTQYF,6,"[5, 4, 9, 11, 7, 10]"
CASSTDRDSNQPQHF,1,[8]
CSGRQGGRNEQFF,9,"[6, 9, 2, 8, 10, 5, 1, 3, 12]"
CASSMVGSSTYNEQFF,2,"[8, 9]"
CASSRGTTNEQFF,10,"[10, 11, 3, 8, 5, 1, 7, 9, 2, 6]"
CATSRDEGGDTDTQYF,14,"[12, 4, 10, 14, 5, 11, 2, 9, 13, 3, 7, 15, 0, 6]"
CASSLTGVQETQYF,7,"[4, 11, 10, 7, 12, 3, 5]"
CASDPGQHSYNEQFF,10,"[5, 2, 4, 7, 13, 10, 11, 9, 14, 8]"
ATSDFVGGTEAF,8,"[11, 5, 2, 10, 6, 1, 9, 3]"
CASTTGGETQYF,5,"[0, 8, 7, 10, 1]"
RASNLGQILPGEQYS,9,"[5, 0, 1, 8, 7, 3, 10, 9, 14]"
CASSSSLDREETQYF,5,"[8, 0, 12, 14, 7]"
CASRFQLFDRANQPQHF,14,"[0, 9, 11, 4, 7, 13, 3, 16, 12, 2, 5, 14, 8, 10]"
CASSLGLAGGPGETQYF,5,"[5, 11, 10, 6, 15]"
ASSEGQGTMNGELF,10,"[8, 0, 2, 13, 4, 3, 7, 1, 5, 10]"
CASSFGGPYYEQYF,7,"[11, 5, 8, 4, 7, 0, 3]"
CASSHTSADEQFF,10,"[9, 4, 2, 11, 0, 12, 1, 5, 7, 6]"
CAWSVQQGDQPQHF,11,"[3, 13, 8, 2, 5, 11, 10, 7, 0, 9, 6]"
CASGVLPGKEQFF,2,"[0, 12]"
CASSLGGATTSSRGPYEQYF,17,"[9, 3, 13, 7, 17, 0, 2, 11, 19, 16, 14, 1, 8, 6, 4, 18, 10]"
CASSPSSAYEQYV,11,"[5, 0, 10, 8, 2, 6, 3, 11, 7, 12, 4]"
CASSHVVSGGSTDTQYF,11,"[10, 9, 15, 8, 2, 0, 12, 5, 13, 3, 1]"
AWSSRDSMTDTQYFG,10,"[7, 13, 11, 5, 12, 0, 6, 4, 8, 3]"
CASSLQNTGELFF,7,"[11, 6, 12, 4, 5, 3, 8]"
ASSGDSVPSYEQY,10,"[3, 9, 2, 12, 4, 5, 10, 1, 7, 11]"
CSARYRGRPSGNTIYF,5,"[9, 15, 0, 3, 12]"
CASSSIKQGAVDTQYF,5,"[1, 6, 5, 11, 3]"
CASSFENTGELFF,11,"[11, 9, 8, 2, 4, 5, 7, 3, 12, 0, 10]"
CASSIVGVPQTYEQYF,3,"[5, 9, 11]"
CASSQDPGSNQPQHF,13,"[8, 11, 12, 5, 3, 7, 9, 1, 0, 13, 4, 6, 10]"
CSASRGVEETQYF,8,"[4, 0, 11, 3, 10, 1, 5, 2]"
CASSSPRGETQYF,2,"[1, 4]"
CASSSVNEQFF,1,[9]
CASSLLAGDTQYF,9,"[9, 0, 6, 3, 1, 8, 11, 10, 12]"
CASTPSGANVLTF,5,"[4, 12, 9, 0, 10]"
CASRYGRLNTGELFF,9,"[2, 10, 0, 4, 8, 6, 14, 3, 5]"
CASSPTTNTDTQYF,2,"[5, 13]"
CASSFLGANEQFF,2,"[5, 6]"
CASSLSMGEKLFF,10,"[2, 6, 7, 9, 8, 10, 12, 5, 4, 0]"
CASQSWEGSGLFSVNNEQFF,6,"[18, 7, 10, 8, 1, 12]"
CASSLMWGSYEQYF,8,"[7, 8, 4, 9, 13, 5, 1, 2]"
CASSYHSGEQYF,2,"[0, 1]"
CASSWTVGGNQPQHF,10,"[4, 5, 9, 3, 12, 6, 11, 7, 14, 0]"
CASSRDVSSYEQYF,10,"[0, 12, 5, 7, 4, 6, 9, 3, 10, 2]"
ASSLGQGRNEQF,7,"[2, 5, 1, 9, 0, 7, 8]"
CASSQEWDPRETQYF,12,"[12, 1, 6, 7, 9, 5, 0, 3, 11, 10, 8, 2]"
CATRTPSTDTQYF,7,"[12, 2, 10, 6, 0, 1, 4]"
CASSPQGGDFGYTF,12,"[10, 12, 11, 7, 13, 0, 1, 8, 4, 6, 3, 2]"
CASSWTASYEQYF,6,"[5, 2, 9, 4, 11, 12]"
CASRTGTGVQPQHF,2,"[11, 5]"
CATIEARGSGELFF,5,"[12, 6, 3, 2, 7]"
CAISDSETNTGELFF,10,"[9, 4, 12, 7, 13, 10, 14, 3, 1, 6]"
CASSQLNWETQYF,3,"[1, 2, 3]"
CASSQVAVGYNSPLHF,4,"[10, 14, 8, 2]"
CASSDDRSDYEQYF,11,"[2, 0, 4, 9, 1, 11, 6, 10, 12, 7, 3]"
CASSEVASGTYEQYF,6,"[4, 9, 8, 0, 13, 14]"
CASSLNGADGYTF,3,"[3, 5, 6]"
CASSSDDLRETQYF,2,"[8, 1]"
CASSSGGRKDTIYF,9,"[2, 8, 1, 11, 9, 7, 4, 5, 0]"
CASSKLAHGTDTQYF,5,"[3, 1, 11, 6, 12]"
CASSSRGNYEQFF,2,"[5, 10]"
CASRTGLADGELFF,2,"[9, 3]"
CASSFETGRRIEAFF,2,"[10, 13]"
CASSLRGTYGTEAFF,5,"[10, 9, 1, 5, 0]"
CASMRELGGQETQYF,9,"[11, 12, 5, 0, 8, 3, 1, 9, 13]"
CASSIIAGSSYNEQFF,8,"[14, 1, 12, 8, 6, 15, 7, 10]"
CASSLTADYEQYF,9,"[11, 2, 0, 1, 8, 4, 7, 12, 10]"
CASSFLPSGVNEQFF,8,"[13, 2, 0, 1, 10, 7, 8, 3]"
CASSLAGLEQFF,9,"[2, 4, 8, 0, 10, 1, 7, 5, 11]"
CAWRVQPDYNEQFF,9,"[13, 0, 11, 10, 6, 9, 2, 5, 7]"
SAEGATLAGDSYNEQF,2,"[2, 0]"
CASSLAQGHGYTF,7,"[2, 12, 8, 7, 10, 1, 4]"
CASSLRTFTANTGELFF,9,"[7, 10, 11, 9, 2, 1, 14, 5, 12]"
CASRSIAGTRSYNEQFF,7,"[5, 15, 10, 6, 12, 7, 11]"
TVQETQYF,5,"[4, 3, 6, 2, 0]"
CALSEAGTDSWGKLQF,11,"[13, 4, 2, 6, 5, 3, 7, 8, 0, 15, 11]"
CSARSEGAGQFF,10,"[10, 0, 1, 11, 9, 6, 3, 2, 8, 4]"
CASSLAGNEQFF,6,"[7, 9, 11, 10, 4, 3]"
CSATDQQQGNTGELFF,8,"[1, 14, 13, 6, 5, 11, 12, 7]"
CASRADTEAFF,3,"[5, 6, 2]"
CASIHPAEGALSNTEAFF,3,"[1, 7, 13]"
FAWSVPLGSNQPQHF,10,"[9, 5, 4, 1, 10, 11, 0, 7, 2, 3]"
CASGPPSGGAGTGELFF,6,"[6, 9, 11, 4, 10, 8]"
CASSLAASTDSYEQYF,1,[10]
CATSDSSFGGGPQHF,8,"[14, 6, 13, 12, 1, 5, 10, 8]"
CASSDLGSVGNTIYF,9,"[7, 2, 11, 4, 3, 5, 14, 12, 1]"
CASSIGTGEAQPQHF,5,"[7, 13, 8, 2, 14]"
CASSPSRDREFLYIQYF,15,"[4, 1, 0, 16, 2, 3, 7, 6, 9, 12, 11, 15, 5, 10, 13]"
CASRTRQEAFF,2,"[7, 9]"
CASSRTSGSPGELFF,10,"[8, 3, 1, 6, 2, 11, 9, 14, 0, 12]"
CASSLAARDDEQYF,8,"[3, 5, 13, 2, 8, 10, 0, 6]"
CAAQGLNTGELFF,3,"[10, 5, 7]"
CASSQEVLGGPYGYTF,14,"[5, 14, 2, 15, 4, 13, 7, 9, 0, 11, 12, 10, 1, 3]"
CSAADSSYNGQFF,9,"[1, 4, 2, 7, 3, 6, 10, 5, 12]"
CASSQDQGTGELFF,6,"[11, 2, 10, 0, 9, 4]"
CASSSTVQLPNTEAFF,8,"[11, 8, 2, 9, 14, 13, 12, 6]"
CASSLVGDRDGYTF,6,"[0, 1, 4, 6, 5, 9]"
CASSTFDTSNQPQHF,2,"[5, 0]"
CASSQLNTEAFF,7,"[6, 10, 1, 11, 0, 4, 7]"
CASSLEHSILETQYF,5,"[3, 11, 5, 13, 9]"
CACQPGPGYYEFF,5,"[0, 3, 4, 8, 9]"
CASSFRSTDTQYF,9,"[12, 4, 8, 5, 2, 9, 1, 6, 11]"
ASSYLSVQETQY,9,"[1, 4, 9, 8, 0, 7, 3, 2, 11]"
CASSPDTISYNEQFF,1,[11]
CASSQFPITREKDF,11,"[8, 13, 4, 6, 2, 11, 0, 7, 3, 9, 10]"
CATSRFGGETQYF,8,"[9, 11, 6, 1, 12, 2, 10, 7]"
CASSGWDGIQETQYF,4,"[13, 4, 8, 12]"
CSARGTGAIYEQYF,10,"[3, 7, 11, 13, 1, 6, 4, 2, 12, 9]"
CASSFWSGTQETQYF,6,"[14, 5, 7, 9, 10, 2]"
CASSPSGVYNEQFF,8,"[6, 3, 9, 1, 0, 7, 11, 5]"
CASGTIGRVGTDTQYF,7,"[9, 1, 13, 11, 10, 6, 5]"
CASSWELGVAEAFF,2,"[10, 2]"
CASSPLAGAGGELFF,6,"[0, 1, 2, 8, 6, 12]"
CASSYLTSGRFGADTQYF,12,"[5, 13, 14, 15, 4, 3, 16, 0, 8, 17, 7, 9]"
CASSWEGEEETQYF,5,"[13, 7, 10, 2, 9]"
CASSQGTGNTEAFF,7,"[7, 9, 5, 11, 6, 10, 1]"
CASRAEFSNQPQHF,8,"[1, 10, 6, 11, 0, 8, 4, 5]"
CASSLKFSAGPNTGELFF,3,"[12, 6, 10]"
CASSTHNYGYTF,1,[8]
CAVNLGDNLADEQYF,12,"[3, 13, 8, 4, 7, 14, 10, 0, 12, 9, 11, 2]"
CASSFGTTGDTQYF,4,"[4, 1, 7, 0]"
CASSIATGMDGELFF,1,[11]
CASSGGQVTGANVLTF,3,"[6, 3, 4]"
CASSLLTSGGGSDTQYF,11,"[16, 5, 11, 14, 13, 3, 8, 9, 15, 6, 10]"
CASRPRGALSSTDTQYF,1,[0]
CASSQETSGLTGELFF,1,[14]
CASSLSPTGVWTDTQYF,1,[0]
CASSPLTDTQYF,8,"[9, 0, 3, 8, 6, 1, 7, 2]"
CASSQEVGTSGDYEQYF,10,"[2, 13, 16, 12, 4, 9, 0, 5, 6, 1]"
CSARVGYEQYF,9,"[0, 10, 3, 5, 9, 8, 7, 2, 4]"
CASSLWQWGPGQGPPGSYNEQFF,11,"[8, 18, 7, 16, 19, 13, 22, 2, 0, 9, 10]"
ASSLSLAGGLSEDYEQY,3,"[3, 5, 6]"
CASSLLGANTGELFF,12,"[8, 10, 12, 4, 2, 6, 1, 5, 9, 13, 7, 0]"
CASSSSLQGTGNTIYF,8,"[2, 8, 12, 7, 6, 15, 1, 11]"
CASSQSPGQYNSPLHF,8,"[7, 3, 1, 14, 15, 6, 10, 11]"
CASSLGADNEQFF,2,"[8, 10]"
CASSFRASGSNEQYF,5,"[0, 11, 8, 9, 2]"
CASSLNWGFDTEAFF,8,"[14, 6, 11, 10, 3, 2, 12, 1]"
CASSLLDGTRDEQYF,9,"[2, 7, 12, 9, 8, 0, 10, 5, 3]"
ASSLSLQGDGYT,6,"[11, 6, 1, 3, 0, 8]"
CASSLSPGLAGTTSTDTQYF,5,"[14, 17, 15, 9, 13]"
CAISESGYGGPPGANVLTF,15,"[11, 15, 0, 13, 12, 6, 3, 4, 1, 7, 17, 8, 16, 5, 10]"
CASSNGLGPSSYNEQFF,11,"[7, 9, 15, 12, 6, 4, 16, 13, 3, 14, 8]"
CASGYLGLALGNEQFF,14,"[9, 10, 12, 8, 6, 3, 1, 13, 7, 2, 5, 15, 4, 0]"
CASSKGFGNQPQHF,12,"[1, 13, 6, 4, 10, 12, 3, 5, 7, 9, 8, 0]"
CASSPSGGGVDEQYF,13,"[10, 12, 8, 14, 9, 5, 13, 3, 4, 2, 1, 6, 11]"
CASSPSRNTEAFF,9,"[2, 1, 7, 8, 3, 11, 10, 9, 0]"
ASSLQTGAGAYGYT,2,"[11, 10]"
CASSLEWAGAYEQYF,2,"[6, 8]"
CASSLVAGTYNEQFF,3,"[10, 4, 7]"
CASSLAGTISYEQYV,2,"[9, 2]"
CASSLGRVEGGTEAFF,6,"[12, 2, 8, 1, 9, 13]"
CASSIISNNEQFF,1,[11]
CASSLREGLGEQYF,2,"[7, 8]"
CATTPNQRRRASNQPQHF,16,"[10, 13, 16, 9, 5, 7, 14, 8, 11, 12, 3, 1, 0, 17, 6, 15]"
CASSRQGAYEQYF,5,"[2, 4, 11, 1, 0]"
CASSLAPDREPQHF,4,"[1, 12, 3, 0]"
CASSLAAGLAPHPDEQFF,7,"[5, 15, 2, 0, 10, 4, 11]"
CATSFDSEAFF,2,"[4, 5]"
CASSFSGNTGELFF,2,"[11, 6]"
CASSLTSGPYNEQFF,4,"[13, 6, 5, 4]"
CASSSSPGQWAYEQYF,11,"[2, 5, 3, 15, 4, 6, 10, 0, 9, 14, 12]"
ASSFPGTGEETQY,9,"[5, 1, 8, 3, 11, 2, 6, 12, 4]"
CASSKTSDEETQYF,1,[9]
CAWMSGELFF,3,"[4, 1, 7]"
CASSWSSEGEQFF,2,"[11, 12]"
CASSPLAVSSYNEQFF,5,"[15, 10, 8, 7, 1]"
CASSDSTGELFF,4,"[0, 5, 4, 10]"
CASSDIVGIKFTQYF,8,"[12, 2, 0, 4, 7, 6, 13, 14]"
CASSWTGGPGELFF,7,"[6, 0, 8, 1, 7, 9, 13]"
CASSLGRGTGDHNEQFF,11,"[12, 5, 7, 11, 15, 2, 13, 3, 4, 14, 6]"
CASSPITGNSIAKNIQYF,14,"[5, 11, 3, 1, 4, 14, 6, 10, 9, 8, 12, 16, 2, 7]"
CSAQNKEKLFF,2,"[5, 8]"
CASSRWGGTGELFF,6,"[1, 6, 5, 13, 8, 4]"
CASSLPERDSHPTDTQYF,8,"[3, 2, 4, 17, 11, 13, 15, 14]"
CASSHWQTNTEAFF,10,"[5, 8, 4, 1, 11, 7, 2, 13, 0, 10]"
ASSIGVDGYT,8,"[7, 3, 8, 2, 4, 0, 5, 6]"
CASSSIAGPIEQFF,7,"[2, 7, 8, 12, 9, 3, 10]"
CASSPRGSGCVETQYF,7,"[0, 9, 8, 6, 7, 1, 2]"
CATRGGLENEQFF,4,"[9, 1, 10, 7]"
FSVGGTGSGTSGSYSYNEQFF,13,"[17, 3, 6, 11, 19, 9, 13, 5, 1, 12, 4, 18, 7]"
CSALPFYGYTF,4,"[9, 7, 0, 10]"
CAISLDGSGNTIYF,8,"[12, 5, 2, 8, 13, 7, 11, 4]"
ASSFVMGTDTQY,2,"[2, 3]"
CASSLEVVGEKLFF,1,[10]
CASSDFNPQTGANVLTF,7,"[5, 9, 7, 1, 6, 4, 11]"
ASSPSSAIYEQY,3,"[2, 8, 3]"
CASSQGGSSSEKLFF,1,[11]
CASSQGYGTGYEQYF,11,"[8, 12, 2, 1, 14, 10, 9, 0, 7, 3, 13]"
ASSYYSGGTNTGELF,4,"[7, 5, 12, 0]"
CASSPLPQETQYF,7,"[3, 10, 2, 12, 6, 11, 5]"
CASSSRSGVELFF,4,"[2, 11, 3, 1]"
CASSHGPRQTNTGELFF,14,"[1, 2, 16, 13, 15, 4, 3, 8, 11, 14, 12, 9, 0, 7]"
CASSITSGPYNEQFF,11,"[13, 6, 9, 12, 8, 11, 1, 10, 0, 4, 2]"
CASSGTGGAGEQYF,12,"[5, 13, 7, 10, 2, 12, 6, 9, 8, 4, 0, 3]"
CASKRGMSNQPQHF,9,"[5, 12, 3, 7, 10, 9, 2, 11, 0]"
CASSTPQGFRRMNTEAFF,11,"[10, 12, 1, 4, 3, 8, 17, 13, 9, 0, 15]"
CASSIGGTGGDIQYF,13,"[4, 0, 10, 6, 3, 12, 8, 11, 9, 5, 2, 7, 14]"
CASSPMGGEQFF,2,"[2, 8]"
WSARPEGASYNEQFF,4,"[13, 12, 2, 7]"
CASSSVRVSVNTEAFF,14,"[8, 12, 15, 1, 3, 10, 4, 5, 7, 11, 14, 0, 9, 13]"
CSARDLETSVNTYEQYF,10,"[2, 16, 1, 9, 7, 8, 10, 4, 13, 11]"
ASSIRSGEPQH,4,"[8, 7, 3, 10]"
CASSPQGYNSPLHF,3,"[4, 12, 8]"
CASSPLWEPTDTQYF,10,"[9, 2, 0, 10, 14, 11, 7, 3, 5, 6]"
CASSIQGQAGNQPQHF,8,"[6, 0, 1, 15, 11, 2, 13, 7]"
CASSGGQENIQYF,11,"[10, 9, 2, 11, 12, 3, 1, 6, 4, 5, 7]"
CSAGGGEVDTQYF,2,"[11, 9]"
ASSIVAPTYEQY,1,[5]
CSVRSYEQYF,2,"[1, 8]"
CASKEGGVLSGANVLTF,1,[6]
CASNLGQILPGEQYF,3,"[10, 8, 0]"
CASSQSVGGTARGGYTF,1,[11]
AWSVSVQGYGYT,7,"[7, 0, 1, 8, 3, 4, 5]"
ASSSGPGGQPQH,3,"[6, 8, 2]"
CASSPGGVHQPQHF,7,"[9, 1, 6, 0, 13, 11, 8]"
CASSLLGNEQFF,1,[10]
CAISVRSRSPLHF,5,"[2, 0, 6, 9, 5]"
CASSLAPGQGGFLVTGELFF,11,"[9, 14, 19, 8, 6, 11, 17, 0, 10, 18, 2]"
CASSQGLANTDTQYF,11,"[4, 7, 1, 14, 2, 13, 8, 6, 5, 10, 0]"
CASSLSDPGEVSPLHF,13,"[4, 5, 12, 9, 1, 0, 15, 7, 3, 10, 8, 2, 6]"
CASSVEYSNQPQHF,11,"[13, 4, 0, 9, 5, 2, 6, 8, 1, 12, 10]"
CASSLGGYRGYTF,9,"[7, 11, 0, 3, 5, 9, 1, 4, 2]"
CASSSRSTGELFF,7,"[2, 3, 0, 6, 8, 10, 4]"
CASSETAYEQYF,8,"[9, 7, 8, 2, 6, 1, 4, 0]"
CASSQGPTSGNEQFF,9,"[3, 6, 11, 0, 9, 13, 5, 10, 14]"
CASSFGTGSGETQYF,8,"[8, 13, 1, 10, 11, 0, 12, 7]"
CASSLINTGELFF,3,"[7, 6, 5]"
CASTHGGGSNEQYF,6,"[10, 8, 12, 13, 5, 4]"
CASTRQGAYEQYF,10,"[10, 4, 12, 11, 7, 0, 3, 1, 9, 8]"
CASSGWDSPASYEQYF,5,"[14, 8, 3, 7, 9]"
CSALRQGLLEYTF,5,"[5, 12, 10, 4, 1]"
CASSLTTEQYF,6,"[8, 0, 9, 4, 1, 6]"
CASSLAGGVLNEQFF,8,"[4, 13, 3, 6, 2, 12, 11, 5]"
CASSHERGAYEQYF,2,"[7, 11]"
CASSHPGAEQFF,9,"[10, 1, 6, 7, 5, 4, 2, 8, 3]"
CSVQRMGDRSLYGYTF,7,"[13, 10, 0, 9, 8, 6, 7]"
CASSQEPYWTSGGAYNEQFF,13,"[10, 6, 2, 7, 3, 4, 8, 1, 13, 12, 11, 5, 18]"
CASSDLASETQYF,11,"[3, 4, 2, 1, 12, 6, 8, 11, 10, 7, 5]"
CASSVGFDEQFF,5,"[7, 0, 3, 1, 6]"
CASSSNQGDNQPQHF,2,"[0, 10]"
CASSHRNTLEAFF,4,"[5, 7, 4, 10]"
CASSQDHRMGGHEKLFF,13,"[12, 7, 14, 10, 11, 0, 8, 4, 2, 3, 9, 13, 1]"
CASSLVGPEGF,2,"[4, 0]"
CASSLEAGAGDEQFF,8,"[5, 13, 11, 1, 4, 0, 6, 3]"
CATHPGLFWDEQFF,6,"[7, 11, 8, 3, 2, 6]"
CASRTAGTGELFF,5,"[11, 12, 3, 8, 1]"
CASMLPFGDEQYF,1,[4]
CASSLTGGGYTF,6,"[8, 6, 5, 3, 4, 9]"
CASRSQGPGELFF,7,"[1, 7, 4, 12, 5, 3, 2]"
CASSQTAGSYEQYF,10,"[12, 9, 11, 3, 4, 10, 2, 6, 5, 7]"
CASSQEGTGGTHEQYF,1,[6]
CASSLAGISNQPQHF,3,"[12, 10, 1]"
ASSQGAGRGTSETQY,13,"[9, 4, 3, 12, 1, 6, 8, 11, 0, 5, 7, 13, 10]"
CASSIASLLAGGTDTQYF,11,"[10, 6, 14, 16, 13, 4, 5, 11, 17, 15, 8]"
CASSEFGTFQETQYF,13,"[3, 11, 10, 12, 4, 13, 6, 8, 5, 2, 9, 0, 14]"
CSARNSLGDSQWAFAKNIQYF,16,"[6, 20, 15, 1, 19, 4, 17, 10, 5, 13, 16, 0, 9, 2, 14, 11]"
CASSRTTGLEQFF,3,"[4, 0, 5]"
CASSSSGGHSYEQYF,11,"[5, 8, 7, 4, 0, 14, 9, 12, 10, 11, 6]"
CASSQELEVYNEQFF,12,"[5, 13, 10, 3, 8, 0, 6, 7, 1, 14, 2, 4]"
CASSSGGQQTYEQYF,3,"[5, 12, 2]"
CASSLAGGPSYNEQFF,2,"[0, 14]"
CASSVTGQLQETQYF,4,"[7, 0, 6, 2]"
CASSLVGGEETQYF,3,"[13, 6, 12]"
CASSLTSPTQQFF,5,"[12, 7, 5, 10, 0]"
CASRGTGANTGELFF,10,"[13, 10, 9, 11, 8, 1, 2, 12, 7, 0]"
CASSLAGQGSPYEQYF,6,"[15, 3, 6, 5, 1, 0]"
CASSFGQGEETQYF,9,"[4, 1, 6, 7, 0, 5, 10, 8, 11]"
CASNPMGQGILFF,6,"[5, 1, 4, 9, 8, 7]"
CASSYSPANEQFF,9,"[4, 5, 2, 3, 11, 7, 1, 10, 0]"
CSVGGHERGSGANVLTF,2,"[4, 7]"
CASRGALHYGYTF,6,"[9, 6, 2, 7, 3, 11]"
CASSHWGEAPRETQYF,5,"[12, 6, 13, 10, 11]"
CASSPRAPNEKLFF,3,"[8, 9, 4]"
CASSPTGSEQYF,5,"[11, 3, 6, 2, 0]"
CASSLDWRICSYEQYF,4,"[3, 4, 2, 8]"
CSEVSSYEQYF,6,"[4, 7, 3, 10, 2, 5]"
CASRVGAGNTEAFF,10,"[8, 13, 7, 9, 11, 10, 3, 0, 4, 6]"
CASSLDSTPAYEQYF,5,"[12, 7, 0, 5, 13]"
CASSMGGLSTF,5,"[5, 2, 4, 10, 3]"
CASSLGQAYEQYF,2,"[1, 11]"
CASSQGVGGLTYEQYF,7,"[6, 1, 3, 11, 7, 5, 12]"
CASSLGPWGRDEQFF,3,"[3, 2, 6]"
CASSPVNGRDTEAFF,4,"[3, 5, 10, 13]"
CASSQVQGLAGVDTQYF,2,"[8, 0]"
CASSFPGQGLLSQHF,6,"[1, 5, 7, 9, 6, 0]"
CASSFLTGSAETQYF,4,"[4, 1, 14, 0]"
CSARDRIGNTIYF,4,"[0, 11, 3, 8]"
CASSLDSGRAQDTQYF,7,"[5, 12, 6, 8, 2, 9, 7]"
ASSPSAGASYGYT,1,[2]
CASGPYSLYEQYF,9,"[9, 8, 10, 4, 11, 0, 7, 1, 5]"
CASSQPGTASYEQYF,7,"[14, 0, 8, 7, 4, 3, 1]"
CASSLEAGAYNEQFF,9,"[1, 11, 5, 4, 7, 10, 14, 9, 2]"
CASSSSAYSNQPQHF,2,"[2, 3]"
CASSLSRGQGAFNQPQHF,6,"[4, 14, 8, 3, 15, 11]"
CAGNSASACNEQFF,1,[9]
CASSQARGGAETQYF,5,"[6, 3, 13, 0, 12]"
ASSFPTANTEAF,6,"[1, 0, 8, 4, 3, 11]"
CASSVGGTSTDTQYF,13,"[11, 13, 7, 3, 10, 5, 8, 12, 0, 14, 9, 1, 2]"
CATSPGGQETQYF,7,"[0, 12, 10, 3, 2, 9, 6]"
CASSYSWNNEQFF,3,"[6, 8, 1]"
CASSPGNGANYGYTF,6,"[3, 1, 6, 7, 8, 13]"
CASSTLYNEQFF,1,[10]
CASSLDGTGYNEQFF,2,"[10, 5]"
CASSPPDLGVDTQYF,13,"[3, 0, 14, 7, 8, 2, 5, 1, 10, 4, 12, 6, 13]"
CASSLGPINEQFF,10,"[4, 11, 3, 9, 0, 8, 10, 2, 5, 6]"
CASSPGVGLAHEQYF,2,"[2, 8]"
CASSPLKATQNTEAFF,11,"[3, 11, 12, 8, 10, 6, 5, 1, 4, 14, 2]"
CASSPGGQPQHF,2,"[4, 5]"
CSAEQGNTEAFF,6,"[4, 3, 5, 9, 7, 10]"
CASSQEQGAGETQYFG,14,"[4, 12, 6, 0, 10, 3, 11, 2, 14, 7, 5, 1, 8, 15]"
CASSQAPGLAAYEQYF,10,"[4, 9, 2, 3, 12, 1, 8, 11, 10, 0]"
CSAIPGLPLNEQFF,1,[2]
CASSTGLAGVYEQYF,7,"[12, 0, 1, 11, 5, 3, 6]"
CASSAGRDYGYTF,5,"[10, 9, 6, 8, 11]"
CSASAGLAEAFF,5,"[7, 8, 0, 9, 2]"
CASSLNLRDREAYEQYF,10,"[16, 15, 11, 13, 7, 2, 14, 12, 0, 1]"
CASSFGHNEQFF,1,[6]
CAIKAGRGSYEQYF,7,"[7, 9, 10, 1, 8, 0, 12]"
CASSYFTKGTEAFF,2,"[7, 0]"
CASSRGLGTNEQFF,5,"[10, 7, 4, 13, 8]"
CASSPTGQAHEQYF,6,"[11, 8, 12, 7, 9, 4]"
CASSEWQGGYEQYF,7,"[3, 11, 0, 10, 2, 8, 6]"
CASSFGLAPETQYF,7,"[8, 13, 7, 4, 10, 5, 9]"
CSARFRGIGNTIYF,5,"[6, 10, 2, 0, 12]"
CASSYGGQGSEKLF,4,"[4, 10, 9, 6]"
CASNAGGGYEQYF,3,"[0, 7, 9]"
CASSKDGKGLAVYNEQFF,12,"[0, 11, 15, 12, 7, 16, 4, 10, 17, 13, 1, 9]"
CASRGLAGEGSSYEQYF,6,"[11, 7, 12, 3, 16, 8]"
CASSWGGSNEQFF,7,"[8, 9, 0, 6, 5, 1, 3]"
CASSKARLQLMKNCFF,1,[13]
CASPGGASSYNEQFF,13,"[6, 9, 10, 11, 5, 7, 4, 1, 13, 14, 8, 12, 3]"
CASTAGGAVGFNEQFF,5,"[13, 15, 12, 4, 8]"
CASNSSGTGAYEQYF,7,"[9, 1, 11, 0, 13, 3, 4]"
CATSDFGAGTPDTGELFF,10,"[3, 4, 5, 1, 14, 8, 13, 12, 16, 6]"
CASSYSGGSSYEQYF,7,"[0, 13, 12, 1, 6, 8, 4]"
CASSQESLAGNEQFF,2,"[8, 7]"
CASSPNTMSSYNEQSF,13,"[10, 1, 11, 2, 13, 7, 6, 9, 5, 15, 0, 4, 3]"
CASSPNSIEAFF,3,"[4, 6, 1]"
CASSRNSLAGGLHTQYF,5,"[16, 14, 2, 7, 1]"
ASTSQSELF,5,"[5, 2, 3, 8, 4]"
CSVGTGGANEKLFF,9,"[12, 11, 0, 3, 13, 10, 9, 5, 2]"
CASSITLADPWETQYF,13,"[5, 11, 15, 2, 13, 1, 6, 10, 9, 12, 8, 3, 7]"
CASSYQTGTGVYGYTF,6,"[0, 3, 13, 1, 5, 12]"
CASSFGAGLANQETQYF,8,"[1, 3, 16, 13, 12, 0, 10, 5]"
CASSNDLRLQSRANVLTF,5,"[9, 4, 15, 5, 16]"
CASSLLVADTQYF,1,[10]
CASSWGRDRGANTGELFF,5,"[12, 13, 16, 1, 8]"
CAWSVGKRLGEPEAFF,11,"[9, 6, 1, 0, 8, 12, 3, 7, 10, 13, 11]"
CASSLAPTGEQYF,10,"[5, 9, 12, 8, 0, 11, 2, 1, 6, 10]"
CASSLWTGVSYEQYF,4,"[3, 6, 14, 13]"
CASSLELVGTNEQFF,13,"[6, 1, 7, 13, 2, 14, 5, 9, 4, 12, 10, 8, 3]"
CASSPGLAGGYLYEQYF,1,[1]
CSVGQALYNEKFF,8,"[3, 12, 9, 11, 4, 8, 6, 0]"
CASSLGGGELFF,9,"[5, 2, 9, 7, 1, 11, 0, 8, 4]"
CSSRMENTGELFF,9,"[12, 7, 11, 3, 10, 8, 9, 4, 0]"
CSATGTASASYEQYF,12,"[0, 3, 8, 2, 10, 9, 5, 11, 7, 4, 1, 13]"
CSAILAGGPYEQYF,11,"[1, 8, 3, 13, 10, 12, 7, 2, 0, 5, 4]"
CASSLGLAGEYNTGELFF,15,"[12, 5, 2, 15, 6, 1, 17, 4, 11, 16, 9, 0, 8, 7, 10]"
ASRWRGEGYGYT,2,"[3, 5]"
CASSSPGSPSGTDTQYF,11,"[15, 12, 10, 13, 9, 3, 8, 6, 1, 0, 5]"
CSAIWEEKGENTEAFF,1,[2]
CASSQDIWTSGYTF,8,"[4, 8, 9, 2, 11, 10, 7, 0]"
CAISELAWTDTQYF,1,[3]
CASSPTGSTQYF,1,[10]
CASTFLTGSAETQYF,5,"[9, 5, 6, 3, 7]"
CASTPGTGVSGEQYF,6,"[11, 3, 9, 13, 12, 7]"
CASRLAGAPDTQYF,6,"[9, 12, 7, 13, 6, 8]"
CASRRGSNEQFF,3,"[9, 11, 3]"
CATSRGGEWGANEQFF,5,"[9, 5, 3, 7, 4]"
CASSEGVDTEAFF,10,"[1, 7, 10, 9, 4, 0, 6, 2, 3, 5]"
CASSEFLDYYGYTF,7,"[4, 11, 7, 12, 0, 5, 13]"
CASSLALGDYEQYF,7,"[1, 9, 13, 0, 12, 3, 10]"
CASSDTPDLNTEAFF,4,"[13, 1, 11, 6]"
CSVTQGSSYNEQFF,12,"[4, 1, 13, 11, 7, 8, 12, 9, 2, 0, 5, 10]"
CASSFKLATSERETQYF,6,"[7, 5, 2, 6, 4, 0]"
ASSLGDRLNTEAF,8,"[9, 12, 3, 2, 4, 10, 5, 6]"
CASSLTESSYNEQFF,13,"[9, 5, 4, 1, 10, 12, 7, 13, 8, 6, 3, 0, 14]"
CAWSRPGLQGDEHFF,5,"[5, 4, 7, 12, 9]"
CASTPTLGRPNYGYTF,12,"[14, 12, 3, 15, 0, 2, 9, 5, 7, 1, 13, 10]"
CASSMRSSYEQYF,8,"[6, 7, 8, 4, 3, 5, 9, 12]"
CASGLEALWTGELFF,9,"[8, 12, 14, 7, 0, 1, 2, 5, 9]"
CSATTGGREQYF,10,"[9, 8, 5, 6, 10, 1, 7, 0, 4, 2]"
CASSWGFSGANVLTF,11,"[12, 11, 4, 8, 13, 6, 14, 1, 9, 5, 0]"
ASSSIRGAQMNTEAF,13,"[12, 14, 10, 2, 7, 5, 0, 11, 8, 9, 3, 1, 4]"
CASSLSDRAYGYTF,3,"[7, 11, 3]"
CASGHEEGAENQPQHF,12,"[7, 9, 3, 10, 12, 2, 5, 14, 1, 6, 0, 11]"
CSVVAPTLNEQFF,2,"[12, 8]"
CASSVAHLNTDTQYF,6,"[5, 9, 11, 10, 4, 8]"
CACCVSGETFYNEQFF,6,"[11, 3, 12, 14, 13, 10]"
CAWSVVGGDEQFF,4,"[3, 5, 10, 1]"
CASSLANEQFF,3,"[10, 8, 2]"
SVGGTGTYGYT,5,"[3, 6, 4, 8, 2]"
CSCGTGVMNTEAFF,3,"[4, 7, 5]"
CSAVQQRGGILNTDTQYF,8,"[12, 16, 0, 8, 10, 3, 7, 13]"
CASSETGEPTEAFF,8,"[0, 3, 7, 8, 10, 13, 1, 2]"
CASSKSRGTGLNTEAFF,1,[11]
CASSQLYEQYF,6,"[3, 1, 5, 2, 9, 8]"
CASSNDRPYLLTDTQYF,5,"[15, 12, 16, 2, 8]"
CASSYPGNEQFF,4,"[11, 6, 9, 4]"
CATSRGGEQDPSYEQYF,6,"[1, 11, 6, 10, 12, 2]"
ASSTTGARTDTQY,3,"[5, 12, 2]"
CASSLSPGTDSGNTIYF,9,"[4, 3, 14, 10, 11, 5, 1, 0, 16]"
CASSPTQGKYYEQYF,2,"[2, 9]"
CATSEVGNTDTQYF,10,"[0, 2, 12, 7, 4, 5, 10, 1, 13, 11]"
CASSLTGPPSWYF,6,"[7, 12, 5, 9, 10, 6]"
CASSRTGAGTDTQYF,9,"[12, 10, 6, 8, 13, 7, 5, 4, 0]"
CASSIGLGVGQPQHF,12,"[1, 0, 9, 4, 8, 7, 2, 14, 12, 13, 6, 3]"
CATTDWRYEQYF,4,"[0, 1, 11, 6]"
CSARVREDYNEQFF,10,"[5, 10, 8, 6, 3, 9, 7, 13, 2, 0]"
CASSLGPNTEAFF,10,"[12, 5, 11, 0, 3, 10, 9, 8, 2, 1]"
CASSSGVYEQYF,6,"[2, 7, 3, 0, 10, 5]"
CASSLYPAMNTEAFF,9,"[1, 9, 12, 5, 3, 7, 13, 10, 2]"
CASSGTSGSGDTQYF,9,"[9, 7, 0, 5, 11, 10, 8, 12, 14]"
CASSEFGPLGQPQHF,11,"[5, 10, 4, 9, 11, 8, 1, 7, 2, 6, 3]"
CASRHSGVNQPQHF,2,"[8, 1]"
CSAQDPALLIEQYF,7,"[8, 2, 13, 4, 7, 3, 5]"
CASSLVGEQFF,6,"[1, 10, 9, 2, 6, 8]"
CAISESGSGGPGSRFF,9,"[4, 8, 2, 9, 1, 5, 15, 7, 12]"
CASSPHFQVDTGELFF,4,"[11, 4, 15, 1]"
ASRPDRGQREKNCF,3,"[8, 0, 5]"
ASSPRGGAIYNEQF,12,"[11, 2, 13, 5, 1, 12, 6, 10, 7, 8, 0, 9]"
CASSPTLGELFF,7,"[0, 1, 3, 9, 10, 2, 4]"
CASSDGTNSYEQYF,5,"[9, 11, 6, 8, 5]"
CSARVQPGTGNVKVALLAEAFF,1,[3]
CASTMEGNTEAFF,7,"[10, 3, 8, 4, 1, 5, 6]"
CVVNTDSWGKLQF,5,"[7, 5, 4, 10, 6]"
CAHGDSNTGELFF,5,"[3, 8, 4, 2, 12]"
CSVKRFSGGAVSDTQYF,4,"[5, 0, 10, 8]"
CASSQEWTGGFEAFF,2,"[6, 9]"
CASGGYQETQYF,2,"[0, 8]"
CASSIRGSGELFF,4,"[10, 12, 9, 3]"
CAITGVGTGELFF,3,"[8, 1, 0]"
CASSQSPGIQYF,6,"[9, 10, 3, 5, 0, 1]"
CATSLAVSTDTQYF,4,"[7, 10, 4, 9]"
CASSDDGVSYEQYF,3,"[8, 9, 1]"
ATSRDRAF,1,[2]
CACTGRGGNGYTF,4,"[0, 6, 5, 3]"
CASSQALGNEQFI,3,"[5, 4, 12]"
AIGGHDYGYT,8,"[2, 8, 6, 4, 0, 9, 5, 3]"
CASTDPGGTTNYGYTF,13,"[6, 15, 10, 8, 11, 14, 13, 2, 3, 9, 12, 5, 4]"
ASSYNERGGTSTDTQY,1,[14]
CASSLSLERDEQFF,4,"[7, 13, 8, 9]"
CASSYGTGQPHHF,10,"[12, 9, 0, 2, 10, 6, 3, 1, 5, 4]"
CASSEERQGIANYGYTF,1,[1]
CASRSPGYNEQFF,6,"[9, 4, 5, 1, 6, 8]"
CASRLLTGSGETQYF,2,"[11, 6]"
CASSQVQGTSGGEQYF,13,"[4, 13, 1, 10, 2, 0, 12, 6, 11, 5, 3, 15, 7]"
CASSFGQGVYEQYF,12,"[13, 1, 12, 6, 0, 3, 7, 4, 10, 11, 2, 8]"
ASSFLGGQYNEQF,1,[1]
CASSFGGPGQFF,7,"[0, 1, 6, 4, 9, 11, 8]"
CASSFASQAFF,4,"[2, 7, 3, 0]"
CASLTWDRVRATNEKLFF,8,"[2, 11, 15, 4, 5, 17, 3, 12]"
ASSPSGGAYGYT,4,"[1, 10, 8, 7]"
ATPGTAAEESHEQY,1,[8]
SVEGSSEQY,8,"[0, 1, 6, 5, 4, 7, 8, 3]"
CASSPTSGEYNEQFF,6,"[5, 13, 6, 2, 0, 9]"
CASSMGQGKLYEQYF,4,"[10, 2, 14, 8]"
CSARVAKGYNEQFF,12,"[1, 0, 8, 11, 12, 4, 9, 2, 3, 10, 6, 5]"
CASSITGSSNQPQHF,4,"[1, 14, 8, 6]"
CSVGTGGTNVKLFF,2,"[11, 6]"
CASSQDRTSGNTIYF,2,"[3, 12]"
CASRSRQGYQPQHF,12,"[8, 0, 11, 2, 4, 1, 13, 7, 10, 3, 12, 6]"
CASSYSRGLRYGYTF,13,"[0, 6, 1, 14, 10, 4, 13, 8, 9, 3, 7, 2, 12]"
CASSPSPGTSAYNEQFF,10,"[16, 9, 7, 3, 6, 4, 10, 11, 0, 13]"
CASSEQGADNSPLHF,5,"[7, 10, 9, 13, 3]"
CASSGGPYILDEQFF,8,"[13, 8, 3, 11, 9, 4, 1, 12]"
CASSWLGTGSNEQYF,3,"[0, 3, 14]"
CASSWGSGISDTQYF,7,"[4, 11, 14, 7, 5, 0, 13]"
CASSGDIQYF,7,"[7, 0, 1, 8, 2, 6, 4]"
CASSENAGAEAFF,1,[8]
CASGDSNSPLHF,2,"[6, 1]"
CASSLYTSTDTQYF,5,"[13, 10, 7, 2, 12]"
CASSLDSGGSEQFF,5,"[8, 10, 4, 7, 0]"
CASSLVGTSGRTQETQYF,3,"[14, 5, 15]"
CASSPGPRGNTEAFF,4,"[13, 14, 11, 8]"
ASSLSAGETQY,3,"[6, 10, 7]"
ASSVTSGSYNEQF,10,"[1, 7, 6, 8, 4, 0, 9, 3, 12, 5]"
CASSGYTDTQYF,7,"[5, 4, 7, 10, 6, 0, 2]"
CASSLGQGITEQFF,4,"[1, 7, 13, 6]"
CASSLMVETGEQYF,4,"[12, 5, 1, 7]"
ASSRTTGLEQF,7,"[5, 1, 9, 3, 10, 7, 6]"
CASRSGGWNQPQHF,1,[4]
CSASAVGFDYEQYF,12,"[11, 10, 4, 6, 1, 7, 12, 5, 2, 3, 8, 13]"
CSATPRGGFETQYF,4,"[2, 10, 0, 5]"
CASSSLTGSSGELFF,3,"[2, 10, 6]"
CASSSADGSYEQYF,2,"[3, 12]"
CASSYSTEAYEQYF,2,"[8, 1]"
CASSLGSSGGNTGELFF,14,"[8, 7, 4, 16, 1, 0, 9, 14, 12, 13, 15, 11, 3, 5]"
CASSYTAGGSQPQHF,10,"[7, 9, 2, 13, 8, 3, 14, 1, 12, 5]"
CASSDTETSWHEQYF,13,"[14, 5, 10, 12, 7, 2, 6, 9, 11, 8, 3, 1, 0]"
CASSQDWALGYNEQFF,14,"[9, 5, 10, 11, 3, 0, 8, 12, 14, 7, 1, 6, 2, 13]"
CASSMSLGLAPEQFF,13,"[10, 13, 1, 2, 8, 14, 3, 11, 0, 9, 4, 6, 12]"
CANTGTGEKLFF,7,"[4, 6, 5, 2, 11, 8, 3]"
CASSLAVEGVSRMNTEAF,15,"[10, 4, 5, 9, 11, 6, 7, 2, 14, 17, 15, 13, 16, 1, 12]"
CASSAGGDEQFF,3,"[2, 5, 7]"
CASSESSEAFF,3,"[10, 0, 6]"
CASSPDRGYGYTF,10,"[9, 12, 4, 1, 8, 6, 10, 7, 5, 3]"
CASTDRVGYNEQFF,3,"[5, 1, 2]"
CASRALLGGATEAFF,1,[0]
CASSAGRVLPGEQYF,3,"[2, 8, 6]"
CASSIHSQETQYF,11,"[11, 1, 2, 6, 0, 12, 5, 7, 3, 8, 4]"
CASNSGLGPNQPQHF,3,"[0, 13, 1]"
CASSLGGSYEQYF,8,"[8, 1, 3, 9, 12, 7, 6, 0]"
CASSPGTGGVNEQFF,2,"[4, 9]"
CASSPMGGEQFF,2,"[8, 10]"
CTSSELSLCTGRANVLTF,2,"[16, 13]"
CASGVVTNQPQHF,6,"[8, 0, 12, 10, 1, 2]"
CASTRAGGITYEQYFG,12,"[11, 10, 1, 3, 8, 6, 15, 4, 7, 12, 5, 13]"
ASSEVHGNTGELF,7,"[0, 4, 5, 2, 9, 8, 3]"
CSAQPGQENIQYF,9,"[10, 8, 2, 9, 1, 0, 7, 6, 12]"
ASSEGHFSGNTIYF,12,"[13, 0, 1, 8, 11, 12, 10, 9, 4, 6, 5, 7]"
CASSFGQGSYEQYF,4,"[13, 7, 0, 12]"
CASGLGQPYEQYF,6,"[12, 4, 1, 9, 6, 11]"
NSGNTIYF,5,"[5, 7, 4, 6, 0]"
CASSLLREQTEQYF,7,"[7, 1, 4, 2, 13, 10, 5]"
CATSVLLLGGLRHEQFF,1,[14]
CASSLLGTVGNQPQHF,7,"[13, 6, 14, 8, 3, 12, 2]"
CASSLVAGDYGYTF,8,"[7, 11, 13, 6, 12, 5, 3, 0]"
CASNPTASLGYSNQPQHF,4,"[15, 9, 11, 12]"
CASSGTGNTGELFF,1,[1]
CASSQGQGEINTGELFF,6,"[11, 9, 15, 14, 13, 7]"
CASSWTASYEQYL,8,"[2, 12, 11, 7, 4, 0, 9, 10]"
CASSLAGGNTEAFF,5,"[9, 8, 1, 3, 13]"
CASSLGLAATYNEQF,13,"[4, 3, 5, 2, 14, 11, 8, 12, 10, 0, 9, 13, 1]"
CASSTWDTERGEAFF,3,"[0, 9, 1]"
CASSFQIDLSVNEQFF,14,"[0, 7, 5, 4, 11, 8, 6, 12, 9, 15, 10, 2, 1, 14]"
CSARNYLKTNEQFF,1,[4]
CASSFPGTAPYEQYF,11,"[1, 14, 4, 9, 11, 3, 12, 8, 7, 13, 5]"
CASSLTGTYEQYF,10,"[9, 5, 8, 10, 0, 2, 7, 6, 1, 4]"
CASSYSGANVLTF,2,"[3, 7]"
AALGVFQLMKNCFF,2,"[13, 11]"
CATRQGNQPQHF,3,"[1, 10, 4]"
CASSAPGTSALTGYTF,3,"[9, 14, 2]"
ASSGQGGYEQY,1,[10]
CASSRDIEAFF,3,"[10, 7, 3]"
CASSQDRNPGNTIYF,3,"[10, 8, 2]"
CASNLGQILPGEQYF,10,"[7, 5, 2, 12, 9, 10, 14, 4, 0, 11]"
CASSLYGYSNQPQHF,8,"[14, 1, 4, 8, 11, 3, 5, 0]"
CASSPQGGGDGYTF,11,"[9, 8, 4, 0, 3, 10, 6, 5, 2, 7, 11]"
CASSLSVGLAGGEQYF,10,"[12, 14, 6, 15, 11, 5, 3, 1, 13, 8]"
CASSLFSYSNQPQHF,4,"[12, 1, 14, 2]"
CASKDKEGTGYNEQFF,12,"[15, 4, 1, 14, 0, 12, 5, 8, 9, 10, 11, 13]"
CASSYLDRGLETQYF,1,[12]
CASSIWTDDQPQHF,11,"[13, 0, 3, 12, 8, 9, 11, 5, 7, 4, 1]"
CATSSGTGNKNIQYF,8,"[13, 10, 4, 11, 12, 3, 9, 0]"
CATEASSYEQYF,1,[11]
CASSSTGGGEKDQPQHF,11,"[9, 15, 1, 14, 10, 6, 13, 11, 0, 4, 7]"
CSARDRVGNTIFF,10,"[10, 11, 3, 6, 5, 9, 12, 2, 4, 0]"
CASSQVLAGTDTQYF,13,"[5, 10, 4, 7, 0, 12, 8, 11, 3, 6, 14, 1, 9]"
CGARDGTGNGYTF,6,"[4, 5, 0, 12, 10, 1]"
CASSFGAGSSYEQYF,10,"[11, 0, 4, 14, 7, 10, 1, 2, 3, 12]"
CSVRGGGISYNEQFF,7,"[8, 0, 10, 6, 1, 2, 3]"
CASSLASGNEQFF,11,"[9, 11, 1, 2, 7, 0, 4, 10, 5, 6, 3]"
ASSYDGTTSPLDTQY,6,"[6, 8, 9, 5, 13, 0]"
CASSPRTGNYEQYF,7,"[7, 1, 4, 3, 10, 2, 5]"
ASSQQDYGYTF,9,"[1, 5, 8, 0, 10, 6, 7, 3, 9]"
CASSTYFQGTSYEQYF,9,"[12, 9, 4, 11, 7, 3, 0, 8, 13]"
CASSLAGDRYF,9,"[0, 3, 9, 1, 10, 5, 8, 7, 4]"
CASSSGTSGSSYEQYF,6,"[8, 9, 15, 2, 14, 6]"
CASSLTSGGTNEQFF,10,"[12, 13, 1, 0, 6, 4, 8, 5, 11, 2]"
CASSYSSGVRGYTF,11,"[6, 10, 11, 12, 8, 1, 3, 9, 5, 7, 0]"
CASSQVPTSGNEQFF,13,"[5, 0, 14, 6, 4, 9, 12, 8, 2, 7, 11, 3, 10]"
CASSTRSGQPQHF,1,[6]
CSARTGDSTDTQYF,2,"[6, 4]"
CASSPTDPRSGSPLHF,12,"[5, 11, 14, 6, 9, 8, 1, 2, 10, 12, 4, 15]"
CASSQETDLRSQPQHF,12,"[5, 7, 13, 11, 3, 12, 8, 14, 10, 2, 15, 0]"
ICSARDRTGNGYTF,4,"[6, 4, 11, 13]"
CASSIDRGGLVYEQYF,9,"[11, 1, 12, 8, 6, 0, 9, 10, 14]"
CASSFGNEQFF,1,[1]
CASSNGAGVAEAFF,6,"[0, 10, 9, 2, 13, 3]"
CSVASSEAFF,6,"[2, 3, 9, 6, 8, 4]"
CASSEGQGWTEAFF,12,"[10, 13, 1, 12, 4, 6, 2, 7, 3, 0, 5, 9]"
CASSETWIYEQYF,4,"[8, 0, 5, 6]"
GYTF,2,"[3, 1]"
CSATQPLEIVQYF,11,"[3, 8, 4, 7, 9, 5, 0, 11, 1, 2, 12]"
AISDPSGSSYNEQF,8,"[7, 4, 10, 3, 5, 2, 6, 8]"
SASLGNQPQH,8,"[2, 7, 8, 3, 6, 0, 1, 9]"
CASSFWRITGELFF,3,"[1, 11, 2]"
CASNIGSSNQPQHF,9,"[12, 7, 1, 9, 5, 13, 8, 11, 0]"
CASSPQGSTEAFF,11,"[11, 1, 7, 3, 5, 0, 8, 12, 2, 9, 4]"
CASSDLVIGELFF,4,"[11, 2, 6, 12]"
ASSMRASYEQY,8,"[5, 10, 2, 9, 0, 3, 8, 1]"
CASSLLGTGPEAFF,2,"[8, 6]"
CASSGTGGAGEQYF,4,"[10, 4, 12, 3]"
CASSEGIAGPYEQYF,13,"[0, 11, 3, 7, 2, 8, 6, 14, 12, 4, 13, 9, 10]"
CASSSIGQYNSPLHF,9,"[6, 3, 1, 8, 14, 13, 9, 0, 4]"
CASSESNPTGSWPQHF,13,"[14, 5, 13, 4, 0, 12, 9, 3, 7, 11, 15, 8, 10]"
CAGSPPRGGENSPLHF,11,"[1, 4, 14, 6, 10, 0, 7, 12, 13, 11, 15]"
CASSSAGGPSNEQFF,8,"[12, 14, 8, 11, 6, 10, 4, 9]"
CASSLILGGSTDTQYF,5,"[2, 14, 13, 0, 6]"
CASSLWGGDFSQERF,7,"[3, 0, 10, 14, 13, 4, 8]"
CASSYSGSGGKTTQYF,10,"[13, 6, 7, 8, 10, 0, 5, 4, 11, 14]"
CAWTPGTSVNNEQFF,12,"[10, 4, 1, 0, 7, 12, 13, 2, 11, 3, 6, 9]"
CASSHNRGYEQYF,11,"[3, 5, 1, 10, 9, 0, 6, 2, 8, 4, 7]"
CASTPIPIDEQFF,10,"[6, 5, 11, 1, 0, 7, 10, 3, 4, 9]"
CSASNRESYEQYF,11,"[9, 12, 7, 2, 0, 5, 8, 10, 1, 4, 11]"
ATSRPGGNEQF,5,"[2, 6, 7, 3, 9]"
CASSLGTDYEQYF,10,"[2, 12, 9, 1, 8, 5, 3, 10, 6, 11]"
CASSLPAASSYNEQFF,5,"[11, 0, 5, 2, 14]"
CSARDRDRAYEQYF,11,"[1, 5, 0, 12, 6, 8, 11, 2, 7, 9, 4]"
CASSYGSQGSGTEAFF,12,"[1, 0, 13, 9, 5, 10, 14, 3, 7, 6, 15, 4]"
CGAGQGEDNEQFF,5,"[8, 5, 4, 0, 1]"
CATSGFGLAGPTDTQYF,13,"[4, 14, 8, 12, 11, 0, 5, 3, 9, 16, 15, 2, 13]"
CASSLEGGGSTDTQYF,12,"[8, 13, 0, 9, 11, 10, 6, 1, 2, 7, 3, 4]"
CASSEAGQLNEQFF,8,"[0, 6, 2, 1, 5, 3, 10, 12]"
CASTPGQGDAEAFF,2,"[0, 5]"
CASSWAGPVEQYF,1,[4]
CASSLAKGAGNTIYF,12,"[10, 4, 6, 13, 5, 14, 12, 1, 11, 2, 8, 3]"
ASSQDSYGGLGNTIY,4,"[10, 11, 9, 14]"
CASPLIEETIPYEQYF,12,"[4, 11, 7, 9, 15, 5, 8, 12, 1, 0, 3, 6]"
CATSRGADSYNEQFF,8,"[8, 1, 13, 9, 2, 4, 10, 5]"
CASSSRGSSPQHF,11,"[3, 8, 5, 1, 0, 6, 9, 4, 7, 11, 10]"
CASSLYQETQYF,5,"[3, 7, 10, 0, 8]"
CSPKEGNNEQFF,6,"[0, 1, 8, 7, 2, 6]"
CASSPYTGTGPEQYF,8,"[6, 13, 9, 3, 10, 7, 1, 4]"
CASSGLGGSHNEQFF,3,"[9, 14, 13]"
CASSQEGGGAVYETQYF,13,"[3, 11, 9, 13, 6, 8, 4, 5, 14, 12, 10, 16, 15]"
SATGNRGADTQY,9,"[8, 6, 7, 11, 4, 0, 1, 9, 3]"
CASSLPSGGANEQFF,1,[14]
CASNFPNISEGTCSNQPQHF,17,"[15, 4, 17, 0, 7, 16, 13, 5, 10, 12, 8, 11, 1, 14, 19, 6, 9]"
CASSSDRFEKLFF,6,"[1, 10, 7, 0, 3, 6]"
CASSPWTGQGYGYTF,6,"[0, 5, 7, 11, 4, 1]"
CASSLFAGTSSTGELFF,10,"[9, 12, 8, 15, 5, 13, 4, 14, 2, 7]"
CASSIMTSGRGDTQYF,3,"[9, 6, 8]"
CASSRGASPSQETQYF,11,"[12, 8, 5, 1, 3, 9, 14, 7, 0, 6, 2]"
CSVGSGENQPQHF,5,"[1, 12, 2, 9, 10]"
CASSYSGLGEVWDTQYF,6,"[9, 16, 6, 1, 10, 11]"
CASTLGAGIMYEQFF,1,[12]
CASSTYSGRATEQYF,10,"[12, 1, 3, 10, 13, 11, 4, 9, 5, 6]"
CASTPRGSAGYTF,3,"[2, 0, 1]"
CASTLGGGQPQHF,8,"[7, 4, 5, 1, 11, 9, 3, 6]"
ASSEFEDPLSSYEQY,10,"[6, 11, 4, 8, 7, 10, 12, 1, 13, 3]"
CASSSAAGRINEKLFF,8,"[4, 14, 12, 15, 9, 10, 2, 5]"
CASSPSGGSTDTQYF,5,"[3, 10, 8, 0, 2]"
CATSGLGLAGGYEQYF,9,"[5, 1, 6, 11, 13, 10, 12, 9, 0]"
CASSEGGVYGYTF,7,"[2, 10, 6, 0, 7, 8, 3]"
CASSPLVGGRYNEQFF,7,"[8, 7, 1, 6, 14, 9, 5]"
CASSAQDTEAFF,3,"[4, 5, 11]"
ASSHAGLG,5,"[7, 4, 1, 0, 6]"
CASSIVDAGLYEQYF,10,"[1, 5, 3, 11, 14, 4, 6, 7, 12, 0]"
CATSSATGAQPQHF,9,"[2, 13, 9, 7, 0, 6, 5, 1, 10]"
CASSPGTGSTEAFF,10,"[0, 11, 8, 1, 2, 13, 7, 9, 3, 10]"
CASSEVPFF,8,"[6, 3, 1, 0, 4, 2, 5, 7]"
CASSTYSNQPQHF,8,"[8, 11, 1, 3, 4, 2, 5, 10]"
CAWSRPGLQGDEQFF,1,[11]
CASSPDRGYYEQYF,2,"[2, 11]"
CASSSYGPAYEQYF,8,"[12, 8, 13, 4, 7, 5, 2, 3]"
CCVGAGGSNEKLFF,9,"[6, 13, 7, 9, 2, 0, 3, 11, 1]"
CATRAGQPYEQYF,5,"[2, 8, 3, 12, 6]"
ASSERNTGELF,4,"[0, 1, 3, 5]"
ASSIFSGSMNEQF,8,"[4, 10, 9, 5, 12, 3, 2, 0]"
CASIDGQNNEKLFF,12,"[12, 5, 0, 1, 2, 7, 8, 11, 9, 6, 13, 10]"
CASSVDTAYTEAFF,9,"[8, 9, 1, 11, 12, 2, 10, 13, 3]"
CASTWGRASTDTQYF,6,"[2, 4, 0, 5, 11, 14]"
CASSVDSYYGYTF,2,"[0, 7]"
CASSLGGGTEAFF,8,"[2, 10, 7, 8, 1, 9, 5, 11]"
CASSQGVGLAGAPSTDTQYF,6,"[11, 10, 4, 12, 5, 6]"
CASLDTTSSYNEQFF,6,"[7, 2, 1, 8, 6, 5]"
CASRLGAAPTYEQYF,1,[12]
CASSPGTALNTEAFF,5,"[0, 9, 6, 14, 2]"
CASSSSTSGRVDEQFF,10,"[15, 8, 3, 1, 4, 5, 0, 13, 10, 11]"
CASSLAAYEQYF,3,"[11, 0, 7]"
CAIADANTGELFF,8,"[8, 11, 5, 4, 2, 7, 0, 6]"
CASSLAFGDIEETQYF,2,"[15, 9]"
CSARDRTGTPYEQYF,10,"[11, 14, 10, 2, 6, 8, 1, 9, 13, 4]"
CASSSANYGYTF,3,"[11, 4, 9]"
CASSQDLTGSGNTIYF,4,"[0, 1, 2, 6]"
CSVGRDRGPTGELFF,7,"[6, 12, 10, 4, 8, 13, 3]"
CATLVDLNTGELFF,1,[8]
CASSPGQGSSYEQYF,11,"[12, 11, 0, 5, 3, 6, 7, 9, 4, 8, 13]"
CASSLANTGELFF,7,"[0, 11, 3, 6, 9, 12, 4]"
CASSLAGGRNEQFF,6,"[6, 4, 9, 10, 3, 1]"
CASSLFGRDLGGYTF,8,"[10, 9, 5, 12, 4, 7, 2, 6]"
CASGTGTGEFSSYNEQFF,4,"[12, 3, 1, 16]"
CASRGRSYEQYF,5,"[6, 5, 9, 2, 1]"
CASHPLSGAVNTGELFF,9,"[16, 15, 5, 11, 3, 14, 7, 12, 6]"
CASSTHRDRGSGELFF,12,"[13, 11, 12, 5, 7, 9, 2, 1, 15, 6, 0, 14]"
CCARDRTGYGYTF,11,"[10, 8, 1, 7, 6, 9, 11, 5, 2, 12, 4]"
CASSTTTSGYSTDTQYF,14,"[8, 4, 6, 5, 11, 13, 10, 15, 14, 12, 2, 9, 0, 3]"
CASSEGSTWDSYGYTF,14,"[12, 9, 4, 15, 1, 3, 2, 14, 7, 6, 8, 11, 0, 10]"
CASSTFGATQETQYF,5,"[8, 13, 4, 11, 0]"
CSARVRTGGYEQYF,7,"[1, 4, 10, 3, 11, 0, 2]"
CASSIGTASNQPQHF,12,"[0, 10, 14, 6, 4, 2, 11, 12, 8, 7, 13, 5]"
CASSFDVAGGQIGELFFG,8,"[15, 8, 13, 3, 5, 16, 6, 14]"
CASSPLTEAFF,9,"[0, 3, 8, 10, 5, 9, 2, 4, 7]"
CASSLTGPETQYF,10,"[2, 11, 12, 4, 6, 8, 10, 3, 0, 7]"
CASSPGPGVGNTGELFF,2,"[13, 8]"
CASSQGVLLNEQFF,12,"[2, 3, 4, 6, 9, 7, 10, 5, 13, 11, 12, 8]"
CASSLQGGDYEQYF,8,"[13, 8, 10, 9, 4, 2, 0, 11]"
CASRGTLATNEKLFF,11,"[7, 3, 8, 4, 1, 9, 11, 12, 13, 2, 5]"
CYSNYQLIW,8,"[7, 5, 6, 8, 4, 3, 1, 0]"
CSASLGTGALGEKLFF,12,"[4, 8, 3, 11, 0, 1, 6, 2, 13, 9, 14, 15]"
CASSGLAGGPNEQFF,6,"[12, 4, 5, 3, 14, 10]"
CASSEGYSNQPQHF,3,"[10, 0, 1]"
CASSPRGGGETQYF,8,"[9, 13, 6, 1, 12, 4, 11, 10]"
CASSGMTRNTIYF,7,"[12, 10, 11, 2, 9, 4, 6]"
CASSRQTYNEQFF,10,"[2, 1, 7, 10, 3, 5, 12, 9, 11, 8]"
CSARGWVSNNRETQYF,3,"[14, 1, 2]"
CASGLNTRYVGGTEAFF,8,"[11, 3, 4, 8, 14, 12, 15, 2]"
CASSLDGTGREKLFF,3,"[12, 14, 3]"
CASSMGAGVTYEQYF,3,"[7, 4, 12]"
CASSYGTGQPQHF,2,"[2, 3]"
CASSIRSAWAQYF,8,"[1, 7, 3, 2, 6, 8, 4, 10]"
CASSQEDSLWTEAFF,8,"[14, 11, 4, 7, 10, 3, 9, 1]"
CASSGSREEETQYF,7,"[8, 10, 11, 5, 13, 4, 6]"
CASSIGLGRTYEQYF,13,"[13, 11, 3, 10, 4, 1, 7, 8, 6, 12, 0, 14, 2]"
CASSQESLAAGDWEQYF,14,"[11, 9, 5, 12, 4, 1, 3, 13, 0, 2, 10, 16, 8, 14]"
CASSTFLGTEAFF,1,[6]
CASSLWGRGDNEQFF,7,"[2, 11, 13, 4, 8, 5, 9]"
CSARGGMETQYF,3,"[7, 4, 10]"
CASSQLGTVGTNEKLFF,9,"[6, 0, 4, 5, 7, 16, 15, 13, 9]"
CASSLGGRSEQYF,11,"[2, 3, 5, 10, 9, 7, 4, 12, 6, 1, 8]"
CASSPIGGGRHYEQYF,4,"[3, 14, 7, 2]"
CASSQDPSRTYEQYF,8,"[7, 8, 2, 5, 3, 0, 9, 10]"
CASSLTGYEQYF,6,"[11, 9, 5, 1, 0, 10]"
ASSPSRFLRGALETQY,9,"[2, 0, 10, 7, 8, 9, 4, 5, 3]"
CASSGAGGDEQFF,10,"[10, 4, 9, 7, 3, 12, 5, 2, 1, 11]"
CASSSAQGAQTYEQYF,11,"[3, 4, 15, 10, 1, 5, 7, 12, 0, 14, 9]"
CASSLAGGTEAFF,5,"[7, 0, 9, 2, 1]"
CASSPLPGQGQTQYF,8,"[14, 7, 13, 9, 10, 3, 0, 8]"
CASSAGVTGELFF,11,"[12, 7, 3, 4, 8, 1, 10, 5, 9, 0, 11]"
CASSPVVAQPQLF,4,"[5, 0, 11, 2]"
CASSHGQGYEQYF,4,"[8, 4, 2, 1]"
CASSLIGGRGEAFF,5,"[7, 10, 13, 4, 2]"
CASSVAGGDEQFF,8,"[12, 5, 0, 10, 7, 9, 6, 2]"
CASSYGQAYQPQHF,1,[6]
CASRLRGSLIVNNEQFF,9,"[4, 16, 8, 0, 5, 2, 3, 11, 7]"
CASSLRGLNQPQHF,1,[2]
CASTQTRQGRNNEQFF,9,"[13, 9, 14, 12, 7, 11, 10, 0, 5]"
CAISGGVRSYNEQFF,2,"[8, 5]"
CASSFISLGTEAFF,7,"[0, 10, 1, 8, 3, 6, 9]"
CASSLSRWRQAKNIQYF,3,"[4, 8, 12]"
CASTAGQGGTYEQYF,11,"[4, 0, 10, 5, 3, 6, 13, 9, 7, 2, 11]"
CASSQMLTDPSYEQYF,11,"[1, 13, 12, 4, 11, 0, 2, 5, 3, 14, 6]"
CASTSGSPQETQYF,1,[7]
ASSFYLQLGAYEQY,5,"[5, 12, 4, 0, 10]"
CASSEGQGYEQYF,10,"[2, 4, 0, 9, 11, 8, 3, 12, 1, 7]"
CASSLAWEAGGDEQYF,12,"[6, 9, 11, 15, 3, 2, 13, 5, 1, 12, 0, 4]"
CASSPFQGSYEQYF,6,"[3, 12, 13, 2, 9, 0]"
CASSFPDTQYF,3,"[10, 4, 8]"
CASSFLAGLGDEQFF,8,"[4, 3, 10, 13, 14, 8, 9, 7]"
CASGGALNYEQYF,8,"[6, 0, 1, 12, 2, 10, 5, 3]"
CASRHEGRWGATGELFF,11,"[8, 9, 13, 5, 3, 12, 14, 15, 0, 6, 2]"
CASSQVLAGPGQFF,12,"[10, 4, 2, 12, 13, 9, 8, 5, 3, 1, 11, 7]"
ASANPVAVSTGELF,9,"[13, 5, 9, 2, 4, 0, 12, 7, 6]"
CASSPGGAWNGYTF,2,"[9, 4]"
CASSTRATSEQYF,2,"[7, 0]"
CASSPWTGGGEKLFF,8,"[0, 12, 8, 9, 11, 3, 6, 14]"
CASTSGGEREKLFF,9,"[11, 12, 4, 10, 1, 5, 3, 6, 13]"
CSAEQGSEQFF,7,"[10, 7, 5, 9, 1, 8, 6]"
CASLGRTTNNEQFF,10,"[9, 11, 5, 7, 10, 12, 0, 3, 8, 4]"
CATSRVTSVWIETQYF,2,"[2, 9]"
CASSYRVGRSSYEQYF,4,"[2, 1, 15, 11]"
CASSPDVEAFF,6,"[3, 2, 10, 7, 1, 8]"
CASSFQGLGTEAFF,10,"[7, 10, 6, 2, 0, 13, 1, 3, 5, 12]"
CASSLFQGSYEQYF,2,"[9, 1]"
CATSRDSSGTYNEQFF,2,"[2, 15]"
CASSMRSSSEQYF,8,"[10, 0, 4, 9, 3, 2, 11, 1]"
CASSPAGGTLYEQYF,2,"[3, 5]"
CASSEGLRPYEQYF,4,"[8, 1, 12, 6]"
CASSLNRPYPLQENTEAFF,13,"[8, 2, 12, 4, 13, 10, 1, 14, 17, 11, 18, 7, 16]"
CASSDRDSRSYEKYF,2,"[5, 6]"
CASCQSPGGIQYF,3,"[10, 4, 11]"
CASSYSGSGLGEQYF,2,"[7, 12]"
ASSVGLAGGGEQF,3,"[12, 2, 11]"
CSSETGNSNQPQHF,10,"[10, 6, 2, 12, 13, 3, 7, 5, 11, 0]"
CASSQEYQGLQPQHF,3,"[3, 10, 11]"
CASSSLTSGRVNEQFF,2,"[12, 4]"
CIVRVAMKTSGSRLTF,1,[5]
CASSSSMTASFTDTQYF,4,"[1, 11, 3, 4]"
CAWTGTGKIGWDSPLHF,3,"[2, 12, 15]"
CASSIVLGLGEKLFF,10,"[10, 9, 14, 2, 11, 6, 7, 13, 5, 3]"
CASSIELATDEQFF,3,"[0, 12, 2]"
CASTEMGREGYNEQFF,11,"[13, 11, 5, 8, 6, 15, 10, 12, 2, 0, 4]"
CASSRGTAAYEQYF,12,"[0, 13, 1, 8, 11, 4, 5, 6, 12, 7, 3, 9]"
CASSIGTGVAYNEQFF,4,"[12, 1, 4, 14]"
CASSQAASGGENTGELFF,7,"[5, 14, 12, 17, 15, 6, 8]"
CASSFRTSGATDTQYF,3,"[14, 6, 15]"
CACSYPTGLSSYNELFF,9,"[0, 1, 7, 11, 8, 4, 14, 10, 3]"
CASSPSSGGYTF,8,"[10, 1, 3, 7, 4, 6, 0, 2]"
CASSLSRTGFYEQYF,7,"[1, 7, 8, 0, 2, 4, 3]"
CASSKQTGTGETKNIQYF,9,"[10, 16, 6, 5, 12, 2, 15, 8, 11]"
CASSTRGDPPETQYF,8,"[1, 5, 11, 8, 13, 10, 12, 3]"
CASWLRGMGIVNNEQFF,3,"[0, 8, 11]"
CASSQAGTAYEQYF,5,"[7, 11, 10, 4, 13]"
CASSPVPGGTEAFF,9,"[8, 1, 2, 13, 10, 7, 11, 0, 9]"
CASSQPAGVDETQYF,10,"[3, 6, 0, 1, 14, 9, 5, 4, 8, 10]"
CASSIRSSYEQYF,7,"[0, 9, 11, 7, 1, 6, 10]"
CASSQEPLSGDTQYF,5,"[13, 12, 9, 4, 1]"
CASSYSTAGVYEQYF,5,"[6, 0, 10, 4, 12]"
CASSQDAAEEFTQYF,5,"[11, 9, 0, 5, 6]"
CASMRGLAGQETQYF,11,"[14, 3, 13, 9, 1, 2, 5, 10, 0, 4, 11]"
CSARDRTSGTYEQYF,4,"[1, 8, 4, 13]"
CASSNGLAPYEQYF,9,"[11, 9, 1, 7, 10, 13, 3, 12, 5]"
CASSSTGWDTQYF,4,"[2, 5, 11, 8]"
CASSLSHASVMNTEAFF,14,"[14, 8, 15, 16, 12, 6, 11, 3, 9, 13, 10, 7, 1, 4]"
CSANSNRGLPSTDTQYF,1,[14]
CASSPAWEAVDEQYF,12,"[1, 0, 12, 5, 8, 2, 4, 9, 7, 14, 10, 6]"
CASSKPSGGINEQF,8,"[3, 4, 12, 8, 9, 0, 7, 6]"
CASSYRGGSGANVLTF,5,"[12, 9, 10, 11, 8]"
CASSLPGYQINTGELFF,3,"[10, 11, 2]"
CASSAPDRGDKQETQYF,6,"[13, 3, 12, 11, 10, 1]"
CASSSQTGGRSYNEQFF,15,"[4, 2, 8, 7, 14, 16, 5, 9, 3, 11, 10, 6, 13, 1, 15]"
CASSQVVGADNEQFF,8,"[5, 14, 1, 8, 3, 6, 4, 11]"
CAAGLAGSTDTQYF,5,"[12, 2, 9, 10, 3]"
CASSLREGSEAFF,9,"[7, 6, 0, 10, 5, 1, 11, 12, 8]"
CSVGAGGTKKLFF,4,"[9, 2, 0, 4]"
CASSLSWGGNTEAFF,7,"[9, 11, 4, 10, 5, 13, 12]"
CARSPRGSGRVETQYF,3,"[9, 12, 5]"
CASSQNTRTDGYTF,12,"[0, 12, 3, 10, 11, 9, 13, 1, 6, 8, 7, 5]"
CASSHSPGYEQFF,2,"[3, 11]"
CASSFLLGGVKPQHF,4,"[5, 7, 0, 1]"
CASQDLTGGNTEAFF,4,"[1, 7, 13, 3]"
CASSLSVSNEAFF,6,"[2, 9, 8, 7, 0, 3]"
ANDRGAPNQPQH,6,"[9, 1, 7, 3, 8, 2]"
CASSKAPDRRNEQFF,2,"[12, 11]"
CSARDGLGLAYEQYF,9,"[2, 5, 1, 3, 14, 0, 6, 7, 12]"
SPDRNEGYSTLTF,8,"[11, 7, 2, 9, 12, 10, 4, 3]"
CERVRGNEQYF,7,"[2, 6, 8, 7, 3, 1, 10]"
CASSFWTDTGELFF,4,"[6, 2, 7, 11]"
CASTPPISQHF,6,"[10, 5, 4, 0, 8, 7]"
CASSPVGGSYNEQFF,12,"[3, 10, 11, 2, 6, 0, 13, 1, 14, 7, 12, 9]"
CASSMAAGTHEQYF,8,"[3, 8, 6, 2, 13, 9, 5, 11]"
CASSQDPGFEQYF,4,"[10, 8, 5, 0]"
CASSVGLAGIVNEQFF,3,"[0, 4, 7]"
CASSHNTNTEAFF,3,"[12, 5, 1]"
CASSQDESHYQPQHF,8,"[9, 2, 12, 0, 13, 4, 7, 3]"
CASSLVRGDTEAFF,4,"[1, 10, 3, 5]"
CASSLQGGGVFLDTQYF,5,"[8, 9, 0, 10, 7]"
CASSPNGQGRVGYTF,5,"[14, 9, 7, 1, 2]"
CASSLASKEYF,9,"[10, 4, 7, 3, 9, 5, 8, 0, 2]"
CASSPDYSYNEQFF,3,"[11, 10, 7]"
CSATTGSSYNEQFF,10,"[13, 6, 1, 11, 9, 5, 10, 7, 8, 3]"
CASSDREVYGYTF,9,"[11, 8, 1, 3, 9, 4, 2, 5, 6]"
CASSQLDGNTEAFF,3,"[13, 6, 3]"
CSAGTDGGYTF,3,"[2, 7, 4]"
CASSLGLAGAPGDEQYF,11,"[3, 14, 11, 0, 6, 16, 5, 1, 12, 9, 2]"
CSVGGQANNESFF,2,"[3, 0]"
CASSPLAGYYNEQFF,13,"[12, 5, 9, 4, 2, 10, 8, 1, 6, 11, 14, 3, 0]"
CASSWGPGELFF,7,"[9, 2, 10, 5, 4, 7, 8]"
CASSTTGGGTTDTQYF,8,"[7, 4, 2, 3, 9, 10, 14, 6]"
CASTSPSLNSGANVLTF,13,"[10, 6, 9, 3, 4, 11, 12, 7, 14, 15, 5, 0, 2]"
CASSPVSGDEKLFF,5,"[11, 2, 13, 6, 7]"
CSARFSGQGTEAF,2,"[8, 7]"
ASSQPGSAGTGELF,2,"[3, 11]"
WSSCPTSGSIYEQYF,4,"[2, 4, 8, 0]"
CASSLNRPDRASYEQYF,12,"[7, 8, 10, 2, 4, 14, 3, 1, 13, 15, 12, 5]"
CAPRPGGAGGPNYGYTF,14,"[15, 11, 9, 7, 4, 16, 14, 12, 6, 0, 1, 5, 10, 2]"
CASSARSDGQPEQYF,7,"[9, 2, 6, 13, 1, 3, 11]"
CASNFLQGFNEKLFF,12,"[4, 3, 0, 9, 7, 14, 12, 8, 13, 5, 2, 6]"
CASSLGATSRSYEQYF,3,"[3, 15, 2]"
CSARDRDRGYEQYF,6,"[6, 7, 5, 13, 3, 1]"
CASSLGRHFYNEQFF,10,"[4, 1, 13, 10, 9, 6, 12, 5, 2, 11]"
RASSVLGQTMNTEAFF,10,"[12, 15, 2, 1, 14, 6, 11, 5, 7, 3]"
CASSVGVLTGELFF,6,"[1, 12, 6, 4, 7, 3]"
CSVETGLNTEAFF,3,"[12, 4, 9]"
CASSLEWGGETQYF,9,"[9, 13, 2, 3, 10, 0, 5, 6, 1]"
CASNKESRGIAYGYTF,7,"[14, 12, 0, 7, 15, 6, 8]"
CASSPTSGETLYF,3,"[10, 6, 8]"
CASLLAGDYNEQFF,10,"[4, 12, 6, 8, 7, 10, 13, 1, 5, 3]"
CASSLYSGGDKEQYF,9,"[6, 9, 14, 5, 3, 7, 8, 0, 13]"
CSAPGQGVYNEQFF,5,"[2, 9, 6, 11, 3]"
CASSVTDRPSWETQYF,10,"[14, 15, 4, 5, 3, 12, 8, 0, 13, 6]"
ASSHLKITESGANVLT,4,"[3, 9, 2, 12]"
CASSQITSGPYNEQFF,3,"[2, 7, 11]"
CASSYSDGPGGEAFF,6,"[14, 9, 12, 0, 10, 4]"
CASSWDSPGEFF,7,"[9, 6, 3, 10, 11, 8, 4]"
CASSQPRAGELDTQYF,9,"[7, 11, 12, 14, 13, 8, 4, 2, 0]"
CASSFGVGTYEQYF,7,"[13, 3, 4, 7, 2, 1, 0]"
CASSQEESQGVYEQYF,12,"[3, 9, 15, 4, 11, 6, 14, 5, 2, 10, 8, 12]"
CATSDRDRGDEQFF,8,"[0, 4, 13, 11, 1, 8, 12, 9]"
CASSELPGPPDEQYF,12,"[12, 1, 14, 0, 13, 6, 8, 5, 11, 2, 9, 10]"
CATSSTGLKTQYF,3,"[7, 3, 10]"
CASSLTGETQYF,4,"[2, 9, 8, 7]"
CASSDRYEQYF,3,"[6, 8, 9]"
CASSLTGGGYEQYV,3,"[1, 3, 10]"
CASSVRPRTPENTEAFF,7,"[4, 16, 2, 13, 10, 14, 8]"
CASSQDWISSSEAFF,2,"[3, 8]"
CASSLLDTQYF,9,"[6, 4, 1, 10, 5, 7, 2, 8, 3]"
CSAGTTQETQYF,7,"[1, 7, 0, 11, 8, 9, 2]"
CASRYRDSLPQHF,1,[0]
CASTGLIEAFF,3,"[2, 3, 0]"
CASSPGTSGIEQFF,3,"[3, 11, 4]"
CASIYSGLGADTQYF,8,"[12, 9, 2, 11, 1, 4, 3, 0]"
CATVPTDSWGKFQF,11,"[0, 7, 11, 1, 5, 12, 6, 10, 8, 9, 4]"
CASSPEIEAFF,4,"[8, 6, 0, 5]"
CASSLAGLAIGNYGYTF,3,"[7, 9, 11]"
CASAVGQDYEQYF,9,"[5, 3, 8, 0, 7, 4, 2, 10, 9]"
CASSQEERIYEQYF,1,[12]
CSAPGTADYEQYF,7,"[0, 9, 5, 7, 1, 12, 10]"
CASSSHSDRVDEQYF,11,"[0, 12, 14, 6, 8, 1, 7, 2, 11, 9, 3]"
CASSPNTMSSYNEQFF,1,[10]
CSARVWGDYNEKLFF,11,"[3, 5, 10, 7, 11, 4, 13, 6, 8, 2, 1]"
CASIQGAITEAFF,11,"[9, 6, 7, 1, 11, 5, 0, 8, 4, 2, 10]"
CASTTGGGGYEQY,1,[2]
CASSAESYEQYF,6,"[10, 8, 0, 11, 9, 2]"
CASSHQGSNQPQHF,7,"[6, 13, 12, 1, 0, 5, 7]"
CSASPRGVNTEAFF,11,"[8, 5, 11, 1, 0, 7, 13, 9, 12, 3, 6]"
AGVGYEQFF,5,"[5, 0, 4, 2, 3]"
CASSRLDRDSGETQYF,2,"[12, 14]"
CASRPGTGISNQPQHF,10,"[12, 15, 6, 4, 14, 10, 5, 11, 1, 0]"
CASSLVGTGRTDTQYF,14,"[2, 5, 14, 6, 10, 3, 0, 9, 11, 1, 4, 15, 12, 8]"
GASMLRGRGIVNNEQFF,15,"[3, 15, 14, 16, 10, 4, 9, 12, 7, 13, 11, 0, 8, 1, 6]"
CASSPLGVAGELFF,3,"[0, 6, 12]"
CASSPGTSGGPADTQYF,12,"[11, 14, 12, 10, 3, 9, 8, 2, 7, 0, 5, 16]"
CASSAQHNQPQHF,1,[2]
GASSISATGELFF,11,"[8, 6, 0, 9, 7, 3, 1, 4, 2, 5, 11]"
CSARTAGLVTEAFF,7,"[7, 2, 11, 10, 5, 6, 12]"
CASSQEEESLGYEQYF,4,"[8, 0, 10, 15]"
CASSLVGVNEKLFF,10,"[7, 3, 9, 11, 4, 6, 10, 8, 1, 0]"
CASSPGVNTEAFF,2,"[7, 9]"
CARKVDQNTGELFF,3,"[10, 0, 9]"
CATSYERNTEAFF,6,"[11, 1, 6, 9, 5, 0]"
CASSLDTSGGSHEQFF,5,"[3, 13, 6, 0, 9]"
CASSLSEGARLIYGYTF,5,"[2, 4, 7, 15, 6]"
CASSQLPLNEQYF,8,"[6, 5, 4, 8, 1, 7, 10, 12]"
ASSFPLGGSPQLVTQY,4,"[12, 10, 6, 5]"
ASSPPAGSYNEQFFG,2,"[7, 3]"
CASSLSYSNQPQHF,2,"[13, 9]"
CSVEEAGSYEQYF,1,[7]
CASSYGVGIPPQHF,12,"[7, 0, 6, 10, 13, 3, 1, 5, 12, 2, 11, 8]"
ASSNLPRDEQY,7,"[9, 0, 2, 4, 7, 5, 8]"
CASSDLGQGYEQYF,3,"[3, 2, 11]"
CASSLSGSTDTQYF,11,"[10, 13, 12, 11, 4, 5, 1, 6, 9, 3, 2]"
CSASFRENSGNTIFF,5,"[10, 3, 0, 6, 14]"
CSASANLPTETQYF,1,[2]
CATSYGTGEEEAFF,8,"[7, 5, 12, 1, 13, 2, 0, 3]"
CASSYRQGANVLTF,10,"[8, 4, 1, 2, 11, 9, 12, 7, 0, 6]"
CSAKDDNYEQYF,9,"[6, 10, 4, 5, 3, 11, 0, 9, 1]"
CSVAGPAQIRSIF,2,"[3, 8]"
CATRTSGGNTGELFF,2,"[12, 7]"
CASSLFSNQPQHF,5,"[3, 9, 1, 10, 2]"
CASSLGGLPDTQYF,10,"[5, 0, 12, 10, 4, 6, 3, 7, 13, 9]"
CASSFTSGGNNEQFFG,10,"[2, 5, 8, 6, 7, 4, 12, 1, 11, 10]"
AWSESYNEQF,2,"[8, 1]"
CASSLLHSNEQFF,11,"[3, 2, 9, 5, 7, 6, 12, 0, 10, 8, 11]"
CASSLGEAQPQHF,4,"[11, 3, 4, 1]"
CSARDRGDTEAFF,2,"[9, 7]"
CASADGEIYEQYF,4,"[1, 8, 11, 7]"
CASSPDSYEQYF,4,"[2, 4, 11, 1]"
CASSYGEGYEQYF,5,"[1, 9, 10, 0, 6]"
CASSQVQGTDTQYF,5,"[8, 11, 12, 7, 4]"
CASQYLAGAPNEQFF,13,"[13, 0, 12, 1, 10, 14, 6, 5, 3, 4, 8, 11, 9]"
CASSEGTSGRHSYNEQFF,13,"[16, 10, 13, 2, 1, 3, 12, 17, 0, 9, 14, 5, 11]"
CASSSGNPSTDTQYF,8,"[0, 3, 4, 7, 6, 1, 14, 5]"
CASTSRVGEAFF,8,"[3, 2, 10, 6, 8, 1, 7, 5]"
CASSLNRVGGNTIYF,7,"[10, 0, 2, 3, 8, 11, 13]"
CASNPGTIPDTQYF,10,"[10, 5, 4, 12, 7, 9, 2, 8, 13, 1]"
CASSLGWKSNQPQHF,7,"[14, 8, 3, 12, 7, 1, 9]"
CASSQKPSPYNEQFF,6,"[13, 11, 12, 9, 5, 10]"
CASSSGLAGRNEQFF,8,"[2, 5, 9, 12, 1, 8, 0, 7]"
CASSYSPEAFF,5,"[8, 1, 0, 5, 7]"
ASSRGQLEQY,8,"[2, 6, 0, 8, 5, 1, 7, 4]"
CASSFGRAGQPQHF,1,[1]
CASRNRGTGDHEQYF,12,"[1, 13, 7, 4, 10, 3, 5, 2, 9, 8, 0, 12]"
CATSDLYQGGTDTQYF,5,"[11, 15, 5, 9, 12]"
ASQEQGPGNQPQH,2,"[5, 4]"
CASTEGQGIFGYTF,3,"[10, 5, 12]"
CASSLASPETQYF,5,"[11, 3, 10, 7, 1]"
CAGGDSWGKLQF,10,"[10, 8, 1, 0, 9, 4, 5, 6, 7, 3]"
SQGEEDYGYTF,9,"[6, 4, 2, 10, 0, 1, 5, 9, 7]"
CASSLTSGQKYEQYF,6,"[7, 14, 10, 12, 5, 4]"
CASSSYPGLAPVQETQYF,15,"[9, 3, 1, 6, 17, 12, 15, 13, 11, 10, 14, 5, 0, 7, 8]"
CASSHIAGQETQYF,3,"[10, 0, 8]"
CASSQGAYGYTF,4,"[7, 4, 9, 5]"
CATSSRLTSGANVLTF,4,"[4, 9, 3, 2]"
CASSLDIEAFF,1,[8]
CASSVVATGGRGTDTQYF,10,"[7, 5, 8, 11, 14, 12, 3, 13, 1, 4]"
CSVTKTGLTTDTQYF,13,"[4, 2, 6, 0, 5, 9, 8, 12, 3, 13, 1, 7, 10]"
CASSQRETGHYNEQFF,2,"[9, 2]"
CASSQSPFVLRGANVLTF,1,[6]
CASCPLWEGGYTF,5,"[5, 2, 0, 12, 1]"
CATSRDLGTGNTIYF,2,"[2, 8]"
CASSLGDNEQFF,2,"[3, 5]"
CASSLRVPIDGYTF,3,"[10, 5, 13]"
CSARGATSGNEQFF,7,"[3, 0, 9, 13, 5, 7, 11]"
CASSTYRNTGELFF,4,"[8, 10, 7, 9]"
CSVVGYTGELFF,8,"[7, 8, 0, 11, 5, 6, 3, 1]"
CASSEALHQTYEQYF,11,"[4, 0, 14, 7, 6, 12, 3, 5, 13, 1, 2]"
CACSRRGSGSVETQYF,2,"[12, 8]"
CASVDVGSSTDTQYF,1,[12]
CASRLDEQYF,7,"[4, 3, 0, 8, 6, 9, 2]"
CASSIYQGNEQFF,2,"[10, 0]"
CASSQDLAGGPDTQYF,11,"[15, 9, 3, 10, 13, 2, 14, 5, 4, 7, 8]"
CASSPTGLGQETQYF,11,"[1, 10, 11, 9, 0, 7, 8, 13, 5, 3, 2]"
CASSPYEWDEQFF,2,"[3, 12]"
CSAAHAPEETQYF,9,"[11, 7, 0, 1, 3, 4, 10, 6, 2]"
CASHQGTGVGGELFF,2,"[12, 5]"
CASSENSGDLLYGYTF,3,"[1, 5, 14]"
ATSGRTGGGEQY,5,"[4, 10, 8, 2, 5]"
CASSLKGGTVLYNEQFF,7,"[0, 2, 13, 1, 9, 12, 4]"
CASSLSQTYEQYF,4,"[6, 11, 5, 3]"
CASSQDLAGNTGELFF,5,"[1, 10, 6, 13, 0]"
ASSVRSAVEQF,4,"[0, 1, 10, 4]"
TSSQEVRDRGREDYGYT,12,"[15, 3, 8, 11, 14, 13, 1, 0, 10, 12, 16, 7]"
CASSRTSGSGDTQYF,9,"[12, 7, 13, 1, 6, 10, 3, 14, 0]"
CASSPLLGPSGQPQHF,11,"[15, 5, 7, 13, 2, 14, 10, 1, 6, 4, 11]"
CASSVSGETFYNEQFF,14,"[13, 6, 5, 0, 1, 8, 3, 10, 2, 4, 14, 11, 9, 7]"
CASSQDIGVSYEQYF,4,"[14, 6, 11, 8]"
CASSYGMGSEQFF,10,"[11, 6, 1, 12, 8, 4, 2, 7, 9, 10]"
CASSQERGSYEQYF,12,"[9, 2, 6, 0, 8, 13, 10, 1, 11, 5, 4, 7]"
CASSSPGGGSGYTF,2,"[12, 5]"
CASSLLPTVGETQYF,8,"[7, 10, 6, 11, 14, 5, 13, 4]"
CASSLSPTYEQYF,3,"[5, 12, 4]"
CASCIVGGGEQYF,6,"[12, 1, 4, 7, 8, 0]"
CASSSDDWTVAKNIQYF,15,"[14, 0, 16, 12, 13, 5, 11, 7, 9, 4, 8, 3, 10, 15, 6]"
AWSPPAVSGANVLT,10,"[12, 1, 2, 0, 7, 6, 8, 4, 11, 10]"
CSVDGEGIGPQHF,3,"[11, 3, 10]"
CASGGLSSYEQYF,1,[1]
CASSQPGLGLAGELFF,14,"[13, 6, 5, 9, 3, 12, 10, 7, 8, 2, 4, 15, 0, 1]"
CSAKGTGVIPEQYF,1,[1]
CASSRLAGEGPGELFF,14,"[9, 3, 4, 8, 6, 15, 11, 2, 5, 10, 1, 13, 14, 7]"
CASSEGYIYEQYF,10,"[5, 4, 10, 7, 12, 9, 0, 11, 6, 8]"
CSASLQTGEQYF,10,"[6, 9, 5, 8, 11, 2, 7, 4, 3, 1]"
CASSEMTGVDEQFF,8,"[4, 5, 9, 8, 11, 2, 6, 13]"
CAWGSGLGYGYTF,4,"[4, 7, 9, 6]"
CASSTGRAYEQYF,5,"[10, 4, 0, 8, 12]"
CASSSTGANVLTF,6,"[9, 3, 12, 6, 0, 11]"
CSARGLAGAYEQYF,8,"[4, 13, 10, 7, 3, 11, 12, 9]"
CASSLGKAGLSNTEAFF,1,[5]
CASSSPLDKDEQYF,4,"[13, 2, 3, 6]"
CASSEGDRVAYNEQFF,2,"[11, 15]"
CASSQSPGGTQSF,10,"[11, 12, 4, 8, 3, 7, 0, 6, 2, 1]"
CASTLGPYAYNEQFF,11,"[2, 13, 6, 12, 0, 4, 11, 7, 9, 3, 1]"
CASLSGALYEQYF,3,"[3, 0, 8]"
CASRPLSGGAPDTQYF,7,"[0, 15, 3, 5, 10, 9, 8]"
CASSEFLDYYGYTF,6,"[11, 3, 5, 13, 6, 0]"
CASSATSGGVVHTQYF,11,"[11, 3, 12, 0, 8, 7, 10, 13, 15, 2, 9]"
CASSLPPRPGGTTIYF,1,[9]
CASGWASGGSYNEQFF,12,"[1, 5, 3, 13, 4, 10, 2, 11, 15, 7, 6, 0]"
CASTPRGPWDEQFF,10,"[10, 7, 8, 3, 12, 0, 11, 6, 4, 1]"
CAIQRGLGQETQYF,6,"[10, 13, 3, 1, 12, 9]"
CASSLLGSNQPQHF,2,"[12, 5]"
CAIGTEIYGYTF,1,[7]
CASSHRQSTDTQYF,10,"[8, 12, 9, 1, 3, 0, 10, 4, 13, 11]"
CASSFSGTGESYEQYF,3,"[11, 10, 14]"
QRGGQANTEAFF,2,"[4, 7]"
CASSQDHDHYEQYF,5,"[12, 0, 4, 5, 10]"
CASSLGPAYEQHF,4,"[10, 0, 4, 2]"
CASSIGNYGYTF,2,"[7, 11]"
CASSVTTAGYGYTF,5,"[9, 10, 12, 6, 4]"
CASSFLAGVGYNEQFF,5,"[9, 2, 0, 11, 3]"
CASSQVSGLIYNEQFF,9,"[14, 10, 15, 4, 0, 12, 1, 5, 2]"
CASSVGRGLAGGYEQFF,3,"[0, 4, 13]"
CAWSVLGSTDTQYF,9,"[2, 13, 7, 9, 8, 4, 0, 1, 5]"
CASSSGLTIPGDTQYF,9,"[4, 11, 6, 2, 14, 0, 10, 15, 13]"
CASSSRTSGSSRPGEQYF,9,"[16, 11, 8, 14, 13, 2, 9, 10, 15]"
CASSWRSTDTQYF,8,"[1, 8, 12, 6, 11, 7, 2, 10]"
CASSLASGGTGVTDTQYF,12,"[13, 9, 2, 12, 7, 11, 16, 6, 14, 15, 5, 0]"
CASSLGGPYSYDTGELFF,15,"[11, 15, 6, 10, 17, 0, 3, 8, 12, 9, 5, 2, 16, 14, 1]"
CASSSREVLFSGANVLTF,12,"[11, 3, 8, 10, 1, 6, 2, 4, 12, 7, 14, 13]"
CASSNTRSNTEAFF,8,"[3, 1, 2, 12, 11, 8, 5, 6]"
CAISTGLAGKSSYNEQFF,11,"[11, 15, 13, 3, 16, 14, 9, 0, 7, 8, 2]"
CASSDTVSYEQYF,1,[10]
CASSSLSGLYEQYF,1,[12]
CASSLGYEANPARGYGYTF,14,"[12, 13, 4, 10, 6, 0, 11, 14, 7, 9, 3, 1, 8, 16]"
CASSPPGLGFETQYF,2,"[8, 5]"
CASGTSSGYTGELFF,10,"[8, 2, 5, 0, 11, 1, 4, 14, 13, 12]"
CASSEAFSGNTIYF,3,"[2, 5, 8]"
CASSQEKGITGELFF,13,"[13, 3, 11, 7, 9, 2, 8, 5, 1, 10, 0, 6, 12]"
CASSLGGGNQPQHF,11,"[5, 10, 1, 7, 13, 0, 8, 4, 2, 6, 12]"
ASSIRSTAEQY,7,"[8, 2, 9, 10, 0, 3, 1]"
CASRPYGGVNIYEQYF,10,"[1, 8, 11, 9, 2, 10, 0, 12, 7, 15]"
CASSALAGGQADTQYF,4,"[2, 13, 3, 10]"
CAWSVASGRVMEQYF,10,"[1, 9, 10, 11, 4, 5, 6, 3, 14, 8]"
CASSLGVAGTNTGELFF,4,"[5, 10, 4, 11]"
CAISESGSLLDGYTF,3,"[11, 9, 4]"
CAISEPQLSYTDTQYF,10,"[6, 14, 12, 4, 13, 15, 11, 5, 8, 2]"
CATSDPRVEAYEQYF,2,"[12, 3]"
CASSYYGGNEKLFF,5,"[11, 0, 9, 10, 8]"
CSARDPNGGNTEAFF,4,"[3, 1, 0, 10]"
CASSQEGLAGGEQFFG,7,"[2, 4, 13, 9, 15, 12, 11]"
CSVDRALAGSRPYNEQFF,12,"[17, 1, 9, 3, 13, 7, 10, 2, 15, 0, 11, 6]"
CASMGPIEAFF,3,"[5, 8, 3]"
CASSAGQINTGELFF,2,"[10, 1]"
CASSIFHTDTQYF,7,"[0, 7, 9, 1, 5, 3, 12]"
CASSLAADYEQYF,5,"[1, 9, 4, 0, 5]"
CASSQGGVQQFF,5,"[3, 11, 7, 9, 10]"
ARGQEDLYGYT,8,"[7, 5, 2, 3, 0, 6, 9, 1]"
CASSPRSGNEQYF,8,"[9, 4, 3, 11, 5, 0, 8, 10]"
CASSLMGREPNTGELFF,1,[8]
CASSLGAGIIYEQYF,7,"[9, 11, 13, 6, 1, 12, 2]"
ASSLESAGHSNTEAF,11,"[7, 8, 10, 4, 13, 2, 12, 3, 6, 14, 1]"
CASSTPSGGEKLFF,1,[5]
CASSVFGGQPQHF,1,[3]
CASSPRGSGSVEQYF,6,"[8, 9, 7, 12, 13, 14]"
CASNQPGQGGAGELFF,12,"[4, 11, 14, 1, 9, 6, 0, 7, 8, 3, 5, 12]"
CSALPQGAVNEQFF,3,"[0, 3, 5]"
CASSIPLFEQYF,6,"[9, 4, 0, 10, 6, 8]"
CASSQPGLGEETQYF,1,[8]
CASMLPFGDEQFF,8,"[7, 2, 4, 11, 5, 12, 9, 0]"
CASREAGGGELFF,10,"[10, 2, 5, 11, 0, 7, 12, 3, 8, 1]"
CASSFGLSSFRYQETQYF,13,"[14, 7, 0, 5, 6, 10, 15, 13, 9, 3, 1, 12, 16]"
CATSRADPAYEQYF,10,"[9, 2, 8, 5, 1, 7, 6, 4, 10, 0]"
CASSYGTGWNEQFF,1,[9]
CGSPGQGEDGYTF,4,"[6, 9, 5, 8]"
CASSDGTSGTSTDTQYF,12,"[2, 3, 11, 8, 9, 7, 5, 4, 12, 16, 0, 14]"
CASSQEDPRQGAVNYEQFF,17,"[12, 6, 14, 10, 5, 17, 13, 0, 16, 11, 3, 15, 18, 8, 9, 7, 2]"
CSASTWGASNEQFF,4,"[0, 4, 5, 12]"
ASTSLPGGDTQY,4,"[2, 6, 0, 1]"
CATSRGGGGDTQYF,8,"[9, 5, 8, 0, 2, 12, 11, 7]"
CAVQMGRGYTF,6,"[8, 9, 1, 4, 7, 5]"
CASSCPREGYNEQFF,4,"[10, 7, 14, 3]"
ASSLRGLEGYT,4,"[4, 5, 3, 0]"
CASSRTGNTIYF,7,"[10, 11, 6, 3, 8, 1, 9]"
CASSVGLAGATNEQFF,9,"[12, 1, 6, 4, 3, 0, 15, 5, 11]"
CASSLYSSEQFF,6,"[3, 10, 5, 0, 4, 2]"
CASSGTSGAYNEQFF,3,"[8, 11, 2]"
CASSPGQGGHEQYF,9,"[12, 5, 9, 13, 0, 8, 10, 3, 7]"
CARQLAGEYNEQFF,12,"[3, 11, 0, 7, 4, 13, 1, 6, 9, 12, 2, 10]"
CASIGTSLDEQFF,3,"[5, 10, 0]"
SARASGRSSNEQF,5,"[3, 11, 4, 12, 8]"
CASSRGLGTGELFF,3,"[4, 6, 9]"
CASSSLGGGWRGQYF,4,"[2, 11, 6, 8]"
CASSLGGGKISYNEQFF,3,"[13, 8, 11]"
CASSLDRVEQYF,7,"[3, 1, 7, 0, 5, 6, 4]"
CASSQARAYGYTF,4,"[6, 9, 1, 8]"
CASSGTGTLSYEQYF,5,"[14, 13, 1, 0, 2]"
CASRDARGTQYF,10,"[3, 4, 0, 11, 1, 2, 6, 5, 8, 9]"
CASSQDGWAGDQPQHF,5,"[8, 9, 7, 0, 6]"
CSVRGRTHNEQFF,1,[3]
CASSQSPGGTQYF,4,"[0, 8, 4, 11]"
CASSHSGTGEYGYTF,10,"[1, 3, 8, 7, 13, 9, 10, 5, 0, 11]"
CASSVPRGVQGFSTDTQYF,4,"[8, 18, 9, 5]"
ASSYPTTTGELF,6,"[9, 10, 3, 11, 0, 6]"
CASVDMNTEAFF,3,"[2, 0, 6]"
ASSLTPGTRGYEQY,1,[11]
CASSPGQLPRLNEKLFF,9,"[7, 15, 1, 10, 9, 16, 6, 0, 5]"
CAISEWDSPTLNSPLHF,4,"[16, 12, 7, 14]"
CASSRGLGTSYEQYF,7,"[0, 6, 5, 10, 14, 2, 7]"
CASSTLSGGGSYNEQFF,14,"[10, 1, 2, 15, 11, 6, 3, 13, 12, 16, 4, 7, 5, 0]"
CASSFLDRGPNTEAFF,1,[5]
ASSPGQLNQPQH,1,[7]
CASSDIDTGELFF,7,"[12, 9, 0, 11, 4, 2, 1]"
CSVETGLGYEQYF,10,"[3, 1, 2, 9, 7, 11, 12, 10, 6, 0]"
CASSFLNPRTDTQYF,13,"[10, 12, 5, 7, 9, 14, 2, 0, 1, 8, 4, 6, 11]"
CASSYLETGGLDNEQFF,11,"[12, 16, 4, 10, 9, 7, 14, 1, 3, 6, 8]"
CASSQDPLADSYEQYF,4,"[9, 14, 1, 4]"
CASSLTSGSGDAQYF,6,"[3, 14, 12, 10, 0, 8]"
CAISDPAADSYNEQFF,8,"[12, 11, 2, 5, 1, 14, 0, 6]"
CAISGGSGELFF,8,"[1, 10, 5, 0, 9, 2, 7, 3]"
CASRTAGNSDTQYF,3,"[6, 3, 7]"
ASSFGYNEQFF,6,"[4, 8, 6, 9, 7, 3]"
CASSFSLGHPTDTQYF,3,"[7, 13, 3]"
CASSYLRGSYNEQFF,9,"[5, 12, 10, 6, 13, 11, 2, 14, 0]"
CASSLGGEQFF,9,"[2, 6, 3, 10, 4, 7, 8, 9, 0]"
CSARAGDWTGELFF,5,"[6, 3, 11, 4, 13]"
CASGGKVFPPYEQYF,6,"[0, 7, 11, 3, 9, 2]"
CASSSRTGSTEAFF,7,"[13, 1, 2, 11, 4, 5, 9]"
CASSYSAVYEQYF,2,"[7, 1]"
CAIRGGRTTYEQYF,2,"[0, 13]"
CASSPWREQFF,5,"[5, 4, 6, 2, 8]"
CSARDTSESTDTQYF,3,"[2, 1, 7]"
CASTALLGGGETQYF,1,[2]
CASSGRAGDTQYF,7,"[2, 5, 0, 8, 10, 6, 3]"
CASSPPGGTGGADGYTF,14,"[16, 0, 13, 4, 10, 2, 1, 15, 7, 14, 3, 9, 12, 11]"
CASSSWPGLAGEGNEQFF,6,"[9, 8, 6, 11, 2, 12]"
CASSLANGWRGSSYEQYF,4,"[11, 7, 9, 16]"
CASYVGVGYTF,7,"[3, 1, 8, 5, 0, 2, 10]"
CASIYEAGGYNEQFF,7,"[9, 13, 5, 3, 2, 12, 0]"
CASSWNTEAFF,4,"[0, 10, 5, 9]"
CASSISYTGELFF,9,"[10, 3, 12, 4, 8, 0, 1, 6, 11]"
CASSQEETAVSGNTIYF,14,"[11, 4, 6, 0, 12, 5, 14, 8, 3, 7, 13, 10, 16, 9]"
CASTLGTEAFF,3,"[10, 3, 7]"
ASSIRGAYEQY,9,"[4, 1, 2, 8, 6, 5, 10, 7, 0]"
CASSYPGLDDHEQFF,6,"[0, 13, 11, 6, 12, 4]"
CASSYPGTGTSNQPQHF,1,[15]
CASSQYLQVSAGNTIYF,3,"[8, 0, 2]"
CASSLSSGEYNEQFF,6,"[5, 8, 0, 2, 7, 6]"
CASFWTSGGSSTDTQYF,13,"[7, 15, 5, 6, 1, 0, 2, 4, 16, 12, 13, 10, 8]"
CSARVLTSGGNEQFF,3,"[14, 2, 6]"
CASSLWASGPNEQFF,1,[10]
CASSPFLASGTSNPQFF,10,"[7, 11, 5, 1, 2, 8, 0, 15, 14, 4]"
CASKHQQGGRETQYF,4,"[10, 3, 8, 1]"
CASSTGLAGKSSYNEQFF,16,"[0, 9, 16, 4, 6, 15, 5, 11, 7, 17, 1, 2, 14, 12, 13, 8]"
CATSDLSGTYTGELFF,7,"[1, 11, 15, 2, 0, 9, 6]"
CAISDPEDADSPLHF,4,"[8, 4, 3, 13]"
CSVAGNTEAFF,6,"[7, 6, 1, 10, 3, 8]"
CSVEIWGTYEQYF,10,"[10, 5, 6, 7, 12, 4, 2, 9, 11, 0]"
ASSIAAGASNYGYT,8,"[5, 4, 12, 7, 8, 6, 13, 3]"
CASSQEIPYEQFF,10,"[3, 10, 8, 5, 6, 1, 0, 7, 12, 2]"
CASSFGFTDTQYF,3,"[12, 11, 7]"
CASSFSGLSYEQYF,9,"[13, 1, 5, 12, 6, 11, 9, 7, 10]"
CATSDWDLDTQYF,3,"[9, 5, 2]"
CASSYGSGGPDEQYF,11,"[10, 4, 3, 6, 9, 5, 0, 13, 8, 7, 2]"
CASSPRTSGSVVKETQYF,4,"[2, 16, 14, 12]"
CATSGTAGETQYF,3,"[10, 4, 12]"
CASRLVRKKGEDQPQHF,2,"[3, 0]"
CASSDRGETEAFF,4,"[11, 10, 3, 7]"
CASSWTGGGQPQHF,2,"[6, 11]"
ASSLDPRGADTQY,1,[8]
CASSLQPTGPEQYF,7,"[10, 12, 9, 5, 3, 7, 1]"
CASSQDTSGRAEQYF,3,"[9, 6, 2]"
SEPP,1,[3]
CASSFVGPQETQYF,8,"[12, 4, 6, 1, 2, 8, 10, 7]"
CASSFRDTATGELFF,1,[10]
CASSPQGINTEAFF,5,"[4, 1, 12, 8, 5]"
CASSPGQGPYEQYF,9,"[12, 1, 8, 5, 4, 2, 6, 13, 9]"
CGASSPTSGSIYEQYF,11,"[3, 5, 2, 1, 8, 11, 0, 4, 7, 9, 12]"
CASSLGPSGGELFF,7,"[10, 8, 9, 12, 2, 1, 0]"
CASSQEGGYQETQYF,5,"[7, 11, 6, 10, 5]"
CASSDGTQYF,3,"[2, 1, 0]"
CASSEVGSSYEQYF,10,"[0, 11, 1, 7, 10, 13, 5, 2, 4, 6]"
CSARDVGTLEVYTF,5,"[2, 7, 13, 11, 1]"
CASSSLAGGYNEQFF,4,"[11, 14, 6, 3]"
CASSNPVGTGSTSNTEAFF,17,"[3, 2, 6, 10, 16, 5, 7, 14, 15, 9, 17, 0, 8, 11, 18, 12, 4]"
CASSGDAAGAYGYTF,7,"[13, 4, 8, 7, 14, 0, 1]"
CAISGGQREEPDTQYF,14,"[10, 4, 3, 8, 9, 12, 2, 7, 5, 13, 14, 0, 1, 6]"
CASSLLGGYEQYF,9,"[1, 6, 0, 3, 4, 9, 7, 5, 2]"
CASSPRQGPNTGELFF,6,"[14, 15, 2, 3, 9, 8]"
CASSPIAGGPYEQYF,6,"[8, 1, 2, 12, 7, 13]"
CATSDRGQGEYNEQFF,12,"[13, 4, 5, 10, 15, 3, 9, 11, 6, 14, 0, 8]"
CASSLGLAGDFGSDTQYF,11,"[17, 6, 15, 7, 4, 11, 10, 0, 2, 16, 9]"
CASSELPGTGNQPQHF,11,"[3, 0, 12, 15, 13, 4, 11, 6, 8, 10, 5]"
CASTSDGADTQYF,2,"[3, 4]"
CASSPAGAVLTF,5,"[8, 2, 4, 9, 6]"
CASSFPGAEAFF,4,"[9, 11, 5, 6]"
CASSQAGTGDYGYTF,12,"[2, 11, 1, 7, 4, 10, 6, 0, 3, 13, 14, 9]"
ASSDGAGGPGEQF,10,"[1, 9, 10, 5, 11, 12, 3, 0, 2, 8]"
CATSGTGGSGANVLTF,1,[11]
CASSKDLSSYEQYF,11,"[4, 1, 3, 13, 2, 10, 9, 7, 6, 8, 11]"
CASSFLNTEAFF,9,"[10, 3, 4, 8, 6, 5, 1, 0, 9]"
CSASGTGSYEQYF,5,"[11, 8, 4, 2, 5]"
CASSSVLDFLGTGELFF,13,"[5, 15, 12, 16, 9, 13, 2, 14, 4, 0, 7, 3, 8]"
CASSVGEGAPPEAFF,12,"[3, 9, 6, 0, 13, 7, 5, 1, 14, 8, 10, 11]"
CSARNRGQPQHF,9,"[4, 9, 11, 10, 2, 0, 5, 7, 1]"
CASSSEDTEAFF,1,[6]
CASSQVGPNEKLFF,10,"[9, 6, 12, 11, 8, 3, 1, 4, 10, 2]"
CASSQDLLANYEQYF,4,"[5, 12, 6, 11]"
CASSLKMAIQETQYF,4,"[2, 11, 3, 1]"
CASSLSGRPYEQYF,5,"[0, 3, 4, 1, 8]"
CASSYSRTDLKNIQYF,11,"[8, 1, 11, 9, 4, 12, 6, 14, 5, 13, 7]"
ASSLTATDTQY,3,"[8, 9, 0]"
CSARDRTGNGYTF,1,[11]
CAWSWSGGGTGELFF,12,"[5, 1, 9, 13, 14, 6, 8, 7, 10, 12, 3, 11]"
CASSDTGLNYGYTF,8,"[13, 1, 12, 2, 9, 11, 5, 10]"
ASSIRTAANYGYT,3,"[5, 4, 9]"
CASSAGQLAGGGETQYF,6,"[15, 10, 9, 0, 5, 16]"
CASSDQGRHATDTQYF,12,"[10, 9, 6, 11, 14, 5, 1, 12, 13, 7, 8, 0]"
CSVVESPYNVQFF,5,"[10, 8, 5, 9, 7]"
CASSKQGSSYNSPLHF,5,"[4, 10, 7, 15, 1]"
CASSPGLAGDNEQFF,12,"[0, 9, 10, 6, 12, 3, 1, 7, 5, 11, 13, 2]"
CASSQVGYGQPQHF,6,"[11, 4, 13, 8, 2, 12]"
CASTQGGSFYEQYF,12,"[2, 11, 6, 0, 8, 5, 12, 10, 9, 4, 1, 3]"
CASSDSPLAGQETQYF,4,"[12, 11, 3, 13]"
CASRSQNYYGYTF,11,"[2, 8, 9, 6, 3, 11, 1, 5, 0, 4, 10]"
CASNRGPEAFF,6,"[5, 9, 6, 3, 7, 8]"
CASSLVVVEQETQYF,2,"[6, 2]"
CASSTRAADTQYF,10,"[9, 12, 6, 5, 10, 7, 4, 8, 11, 1]"
CASSLNLAGGTYEQYF,2,"[7, 4]"
CASSEYGGGVAGELFF,10,"[10, 4, 5, 2, 7, 13, 9, 6, 1, 12]"
CASSYQWGQVLAGEQFF,11,"[4, 6, 3, 8, 2, 0, 10, 9, 12, 15, 16]"
CATGDGGYGEQYF,6,"[8, 5, 1, 6, 0, 12]"
CASSLWGAHTEAFF,10,"[7, 0, 5, 1, 3, 11, 4, 12, 2, 10]"
CASSYGQGSFGFF,10,"[5, 6, 3, 12, 9, 1, 10, 0, 2, 8]"
CASSIPNGGELFF,6,"[9, 1, 5, 6, 0, 8]"
CASSQVERETQYF,6,"[5, 0, 8, 3, 10, 4]"
CASSLYWTGGQETQYF,9,"[3, 6, 8, 15, 4, 1, 9, 2, 7]"
CASSSHSGINTGELFF,5,"[8, 12, 6, 3, 15]"
ASSTRSGQPQH,4,"[4, 3, 7, 1]"
CASSKARLQNEKLFF,9,"[8, 4, 10, 5, 1, 11, 3, 2, 0]"
CASTGTANTGELFFF,8,"[13, 2, 4, 5, 3, 9, 0, 12]"
CASSLTGGSTDTQYF,7,"[4, 3, 14, 5, 13, 1, 11]"
CASSSLSGSFAYNEQFF,7,"[6, 9, 1, 12, 8, 11, 16]"
CASSQLGQSTDTQYF,13,"[7, 9, 4, 6, 3, 0, 13, 2, 12, 10, 5, 11, 1]"
CASSYRNTGELFF,4,"[11, 5, 12, 7]"
CASVSGNEAFF,1,[6]
CASSSGTSGQINNEQFF,12,"[5, 14, 11, 1, 6, 9, 12, 2, 3, 4, 10, 13]"
CASSYSTGAGETQYF,8,"[14, 7, 10, 4, 6, 0, 3, 11]"
CASSESLGDRNYEQYV,12,"[7, 5, 6, 3, 8, 2, 14, 4, 1, 15, 0, 9]"
CASSLDTDTQYF,6,"[3, 10, 0, 11, 5, 2]"
CASTPSGANVLTF,7,"[2, 6, 11, 3, 4, 9, 7]"
CASSKGLAGGWQYF,2,"[10, 8]"
CASSEFAGGAYEQYF,8,"[8, 7, 0, 2, 3, 9, 10, 6]"
CASSPSSGISSYNEQFF,7,"[13, 9, 0, 14, 2, 11, 5]"
CSARGGYEQYF,2,"[8, 0]"
CASSSRQGGTGELF,4,"[6, 2, 12, 10]"
CASSSRSSYEQYF,3,"[2, 10, 0]"
CASSPGASYNEQFF,11,"[3, 9, 0, 2, 13, 7, 4, 10, 5, 12, 11]"
CAWRDSGSLNNEQFF,4,"[4, 2, 13, 5]"
CASNLGLGGPNEQFF,8,"[0, 2, 8, 4, 9, 14, 10, 5]"
CASSSIGQGTNSPLHF,1,[12]
CASSYLDRGGYEQYF,13,"[4, 1, 6, 7, 10, 11, 8, 0, 3, 14, 9, 12, 5]"
CASSLGSGGTDTQYF,6,"[8, 11, 6, 10, 7, 9]"
CASSPGSGGFNYGYTF,7,"[7, 3, 10, 5, 14, 6, 8]"
CASSQLVGQGPYEQYF,8,"[6, 14, 13, 5, 12, 0, 15, 10]"
CASSLLGAASTDTQYF,2,"[0, 7]"
CAWTGAPSWDEQYV,3,"[10, 6, 9]"
CASRHLLPDRVETQYF,5,"[8, 0, 4, 7, 15]"
ASNPSGGYAGEL,1,[8]
CATSDSPGQGAGNEQFF,14,"[7, 5, 1, 6, 14, 4, 15, 11, 13, 12, 0, 16, 8, 9]"
CASSLTGGEKLFF,7,"[6, 3, 0, 7, 11, 10, 12]"
CASSPRGPTDNTQYF,2,"[12, 1]"
CSARDGTGYTF,4,"[10, 3, 4, 9]"
CASSQFPTVGSPLHF,1,[9]
ASSTWETQY,7,"[7, 6, 3, 0, 2, 1, 4]"
CASSLIGGGISYEQFF,1,[5]
CASTSSGQETQYF,7,"[6, 9, 11, 0, 5, 8, 4]"
CSAGVGTSGSSYEQYF,7,"[7, 10, 14, 8, 3, 5, 12]"
CAWDPNGHGYTF,4,"[1, 7, 3, 9]"
CASSEYFTGGEVTEAFF,9,"[6, 12, 7, 13, 3, 8, 11, 14, 0]"
CSVRGQNTEAFF,3,"[3, 4, 0]"
CSAPGGPNKNTGELFF,11,"[4, 14, 3, 2, 5, 6, 12, 0, 11, 1, 7]"
CASSPGQREAFF,5,"[1, 2, 7, 3, 0]"
CASSQVGRSYEQYF,12,"[1, 7, 9, 13, 6, 8, 3, 10, 2, 0, 12, 5]"
CASNRGLAVPGEQYF,12,"[5, 1, 4, 14, 12, 7, 11, 13, 9, 3, 8, 6]"
CASSQVRDFAYEQYF,4,"[2, 12, 7, 11]"
CASSQLAGEYNEQFF,11,"[3, 13, 10, 6, 8, 2, 9, 7, 14, 11, 12]"
CSSSESRETQYF,2,"[7, 0]"
CASSVSGSGDEQFF,10,"[4, 0, 1, 2, 12, 10, 8, 9, 6, 7]"
CASSLAVAAWSTDTQYF,15,"[16, 0, 13, 11, 14, 7, 4, 12, 6, 3, 8, 5, 2, 1, 9]"
CASSSLTSAGAPLNTEAFF,16,"[18, 16, 17, 8, 1, 7, 12, 6, 5, 0, 9, 4, 3, 13, 14, 2]"
CATSRGPTGTGDLRADTQYF,5,"[16, 19, 13, 14, 8]"
CASSPTSGSVYEQFF,6,"[10, 7, 14, 1, 13, 0]"
CASRRTTESTHGYTF,7,"[12, 4, 10, 3, 7, 2, 6]"
CASSPLTDTQYF,2,"[10, 9]"
CAISGVGSTDTQYF,5,"[12, 2, 3, 13, 11]"
CASSPGLLTDTQYFG,5,"[11, 14, 6, 2, 1]"
CASSIRSSVEQFF,10,"[10, 12, 5, 0, 6, 7, 11, 2, 4, 3]"
CAISLTLETQYF,9,"[3, 11, 9, 5, 6, 8, 10, 1, 4]"
CSADVGLATNNEQFF,6,"[10, 12, 9, 0, 6, 11]"
CASSLEEGRRDEQYF,11,"[10, 7, 4, 12, 14, 3, 6, 0, 9, 8, 1]"
CASSVAGGLYEQFF,11,"[4, 8, 7, 2, 3, 5, 9, 12, 10, 0, 11]"
YASSDGQVATNEKLFF,11,"[2, 10, 6, 14, 9, 15, 3, 7, 8, 1, 12]"
CASSMGQGATYEQYF,10,"[11, 10, 8, 7, 2, 9, 3, 0, 14, 4]"
CASSLVLLGDYGYTF,9,"[5, 4, 2, 7, 10, 1, 6, 14, 9]"
CASRSSDPYEQYF,4,"[9, 5, 4, 1]"
CASNPGQSTNEKLFF,10,"[11, 2, 14, 13, 10, 6, 12, 3, 5, 4]"
CAWSTGGTWTGELFF,5,"[6, 8, 10, 13, 9]"
CASSLDGWTGGTEAFF,10,"[9, 2, 8, 5, 11, 6, 13, 0, 15, 3]"
CASSESNPTGSWPQHF,3,"[0, 2, 13]"
CASSRVAGGRDTQYF,8,"[7, 12, 14, 4, 8, 2, 6, 5]"
CASSTSTGTGYGYTF,11,"[7, 14, 0, 2, 1, 9, 12, 13, 10, 4, 3]"
CASSLGYGYTF,4,"[0, 5, 3, 8]"
CASSIRAGYTEAFF,12,"[4, 7, 1, 12, 10, 5, 11, 13, 0, 2, 3, 9]"
CASSIFSGPGIEAFF,8,"[0, 7, 5, 4, 14, 2, 13, 8]"
CASSLRGQLNTGELFF,9,"[3, 7, 12, 11, 6, 4, 14, 13, 5]"
CASSKDRISPAFF,3,"[10, 9, 7]"
ASSHGHLTEAF,9,"[9, 4, 1, 10, 2, 8, 6, 5, 0]"
CASKTRDLNTEAFF,6,"[7, 6, 0, 1, 9, 8]"
CASRAGTGSTDTQYF,9,"[9, 13, 1, 4, 11, 10, 6, 14, 0]"
CASSVGGQGSTDTQYF,12,"[12, 1, 13, 8, 5, 0, 3, 15, 11, 9, 4, 7]"
CSADGGGGYTF,8,"[6, 0, 7, 2, 4, 1, 10, 5]"
CASSQGPGAPYEQYF,9,"[14, 9, 10, 7, 6, 2, 13, 12, 3]"
CASSFGQGAQNEQFF,4,"[10, 13, 9, 1]"
CSAEFPGAVYNEQFF,11,"[12, 11, 1, 4, 14, 0, 8, 3, 13, 9, 2]"
CASTPGVDTEAFF,4,"[2, 6, 7, 4]"
CSATPRWGGYTF,5,"[6, 2, 4, 10, 8]"
CASSLVASGPYNEQFF,14,"[14, 0, 12, 8, 15, 13, 10, 9, 4, 5, 11, 6, 2, 1]"
CASSLRDRGEAFF,9,"[4, 1, 10, 0, 9, 2, 3, 11, 6]"
CASTQTDGDAEAFF,3,"[5, 12, 2]"
CSASETIVGDEQFF,5,"[1, 2, 13, 11, 6]"
CASSQGGLVGENTGELFF,5,"[9, 2, 7, 5, 11]"
CASSQDWRAPDTQYF,1,[1]
CASSFITNEQFF,1,[2]
CASSPLTGTGSDKETQYF,4,"[8, 6, 17, 15]"
CAISTDRAVNEKLFF,9,"[6, 1, 7, 14, 0, 2, 10, 5, 12]"
CSARDPGTNYGYTF,6,"[13, 7, 2, 9, 4, 10]"
CSARPRTSGPYNEQFF,14,"[2, 3, 4, 0, 13, 1, 8, 11, 12, 9, 6, 14, 7, 15]"
CASRTSGVSGELFF,11,"[1, 0, 12, 5, 3, 10, 11, 8, 9, 6, 2]"
CASSFPGYGLNTEAFF,13,"[9, 10, 2, 8, 3, 15, 14, 11, 5, 13, 12, 6, 7]"
CASSLAWDLNSPLHF,9,"[1, 4, 13, 11, 9, 12, 7, 5, 2]"
CAEKVNNNDMRF,4,"[9, 4, 6, 3]"
CASSYPTVYEQYF,4,"[3, 7, 1, 6]"
CASSFIGTRINPDEQYF,15,"[6, 9, 11, 7, 5, 4, 1, 16, 14, 12, 8, 2, 0, 15, 13]"
CASSHGGGFAYEQYF,11,"[9, 11, 12, 10, 5, 14, 13, 3, 4, 8, 0]"
CASSQDLPMGEQYF,1,[3]
CASSLAGVEAFF,4,"[1, 11, 9, 10]"
CSADGTSGQETQYF,9,"[6, 13, 1, 3, 7, 5, 9, 11, 8]"
CSVGGSTDTQYF,6,"[0, 3, 6, 8, 7, 2]"
CASSYGDGTYEQYF,7,"[9, 6, 12, 10, 1, 3, 8]"
CASSPTGGPADTQYF,13,"[2, 10, 7, 11, 3, 5, 8, 0, 14, 12, 9, 13, 4]"
CASSEMMGDYGYTF,7,"[4, 1, 11, 7, 10, 2, 0]"
CASSVGGTALTEAFF,1,[2]
CASSPAPGYNSPLHF,8,"[2, 0, 8, 9, 6, 1, 10, 7]"
CASSIRSTDTQYF,5,"[0, 7, 5, 12, 9]"
CASSQVLLAGGLVPEETQYF,4,"[18, 4, 12, 14]"
CSARTSGSTDTQYF,2,"[9, 12]"
CASSLAGANEQFF,3,"[12, 6, 8]"
CASSVGDQLLNEKLFF,5,"[13, 9, 14, 2, 5]"
CASSQDVSGGEQYF,6,"[7, 8, 2, 5, 1, 0]"
CASSLAVFPYEQYF,5,"[9, 8, 12, 11, 3]"
CASSLDRGTGELFF,12,"[7, 2, 12, 13, 0, 10, 1, 4, 3, 11, 8, 5]"
CSAGSGTRGETQYF,5,"[9, 12, 7, 4, 5]"
CASRSPSTGQKFEQYF,6,"[7, 1, 13, 15, 12, 4]"
CASSQDHRVMRLDAGELFF,16,"[9, 18, 7, 11, 1, 6, 8, 0, 4, 12, 2, 3, 5, 17, 14, 10]"
CASTIGETGAQHYNEQFF,5,"[9, 2, 12, 1, 14]"
CASSQPTGLDTEAFF,12,"[10, 9, 6, 0, 1, 7, 5, 13, 2, 14, 8, 3]"
CASSARTLEDPYNEQFF,9,"[9, 1, 0, 16, 13, 8, 15, 4, 2]"
CASRATWEGVGYTF,4,"[0, 6, 13, 5]"
CASSFSSGWDQPQHF,11,"[2, 12, 7, 8, 10, 6, 13, 0, 1, 11, 14]"
CASRENYEQYF,8,"[8, 0, 5, 4, 3, 7, 1, 6]"
CASSSLNQPQHF,9,"[6, 5, 7, 9, 4, 0, 8, 11, 3]"
CASSIGLGVGNQPQHF,1,[5]
CAWSAGGPKDTQYF,10,"[4, 7, 13, 5, 0, 1, 2, 6, 10, 11]"
CAWSGYRVSERGYTF,1,[11]
CSVEGTSGKNEQFF,4,"[9, 13, 11, 0]"
CASSLLDGGETQYF,3,"[12, 11, 1]"
CASRRGLAGSGGANVLTF,6,"[15, 16, 5, 4, 8, 12]"
CASSPTGLVSYNEQFF,5,"[11, 8, 4, 9, 0]"
CASSEWEGQNFYEQYF,6,"[3, 7, 10, 13, 6, 11]"
CATSRDAGGYYEQYF,6,"[10, 5, 1, 14, 13, 6]"
CASSSIYRGYYSPLHF,5,"[15, 1, 3, 0, 2]"
CAWEKGTSGTYEQYF,11,"[0, 1, 8, 14, 10, 13, 3, 12, 5, 11, 9]"
CAIQYRGNQPQHF,11,"[6, 2, 8, 3, 11, 9, 4, 10, 5, 1, 7]"
CASSLESGVVTGELFF,13,"[12, 15, 11, 9, 6, 10, 7, 2, 8, 4, 3, 1, 14]"
CASSPLLGSNQPQHF,3,"[9, 4, 7]"
CASSLMGQGYNEQFF,7,"[0, 13, 4, 3, 12, 10, 14]"
CAHDIGQGANQPQHF,13,"[9, 3, 0, 1, 7, 14, 8, 6, 13, 12, 5, 10, 4]"
CASSSAGGGYEQYF,11,"[0, 5, 13, 3, 7, 12, 11, 9, 8, 4, 10]"
CASSSPPGTGEVLFF,3,"[1, 5, 2]"
CSATSRDSALEQYF,2,"[12, 0]"
CASSHQRGRNTEAFF,1,[14]
CASSHDTPRCLNTEAFF,9,"[9, 11, 8, 12, 7, 14, 15, 2, 1]"
CARSDLGGGGIP,9,"[3, 8, 9, 2, 7, 4, 6, 10, 5]"
CASSLSIGGGDTQYF,7,"[6, 1, 11, 10, 8, 2, 5]"
CASSLALDEQFFG,4,"[1, 11, 0, 8]"
CASSPQVSGANVLTF,7,"[11, 9, 5, 12, 14, 8, 10]"
CAIQGGTEAFF,3,"[8, 9, 0]"
CSAGDSVNEQFF,3,"[9, 3, 4]"
CASSGGELYTEAFF,3,"[13, 5, 2]"
ASSIVSIEPQH,2,"[3, 0]"
CASRGEGSYEQYF,11,"[0, 5, 7, 9, 12, 4, 10, 11, 8, 1, 3]"
ATSLGQAYGYT,9,"[8, 3, 1, 6, 0, 2, 9, 4, 10]"
CASSLASGELYNEQFF,10,"[14, 10, 3, 12, 13, 11, 8, 2, 0, 4]"
CASSLVEGITEAFF,4,"[3, 6, 13, 1]"
CASSQQGVWGTGELFF,8,"[9, 6, 2, 11, 5, 3, 10, 7]"
CATSRVKAFRDTQYF,8,"[2, 7, 5, 12, 11, 4, 1, 9]"
CASSAPSQNTGELFF,4,"[1, 9, 7, 2]"
CASSLHQTSGGNANTGELFF,17,"[7, 3, 18, 4, 9, 14, 12, 19, 10, 17, 15, 1, 13, 16, 5, 6, 8]"
CASSFQTGRSSYNEQFF,11,"[14, 11, 5, 15, 12, 2, 3, 9, 8, 0, 16]"
CASSSLGQGSVNEKLFF,6,"[3, 2, 9, 8, 7, 12]"
CASTDSNYGYTF,6,"[0, 9, 4, 1, 6, 3]"
CATSRDRGLTEAFF,3,"[10, 11, 12]"
CASSQVGPNEKLFF,11,"[3, 10, 4, 12, 7, 9, 13, 8, 1, 2, 5]"
CASMGHLSYEQYF,7,"[7, 2, 12, 8, 6, 3, 4]"
CASTSQGANSPLHF,3,"[3, 4, 11]"
CASSYVGTGGGNVLTF,13,"[0, 3, 10, 6, 14, 15, 11, 7, 1, 4, 9, 8, 5]"
CASSLGEGGSETQYF,7,"[13, 12, 14, 9, 11, 7, 3]"
CASSLSPSDTQYF,7,"[12, 8, 2, 4, 5, 3, 6]"
CASSHPGHIGQPQHF,7,"[5, 4, 1, 8, 2, 12, 0]"
CASTDGTILPNEQFF,11,"[3, 0, 11, 5, 12, 9, 4, 7, 1, 13, 6]"
CASRPSGGAETQYF,11,"[5, 11, 3, 10, 7, 4, 8, 2, 9, 12, 1]"
CASSQSGTSTDTQYF,10,"[13, 10, 0, 5, 1, 9, 6, 2, 3, 8]"
CASSLTGAGTEAFF,12,"[3, 12, 10, 7, 11, 5, 0, 9, 4, 1, 8, 13]"
CASSLQGQETQYF,7,"[0, 7, 10, 6, 2, 1, 9]"
CASSLERARTDTQYF,4,"[4, 7, 14, 8]"
CASRGTGIEKLFF,4,"[1, 11, 8, 12]"
CASSMGPNTEAFF,1,[3]
CASSTIKSGQLQETQYF,14,"[15, 0, 14, 5, 10, 2, 7, 3, 4, 16, 6, 13, 9, 12]"
CASSPRDREPGTQYF,11,"[6, 5, 12, 9, 0, 13, 1, 2, 7, 3, 4]"
CASSVGAANTEAFF,10,"[2, 5, 6, 8, 11, 10, 1, 9, 0, 12]"
CASRRGWETQYF,3,"[2, 6, 9]"
CASSLPANQPQHF,11,"[12, 4, 7, 2, 1, 11, 9, 8, 5, 3, 6]"
ASSQALPYGQY,3,"[0, 2, 10]"
CAVSGGGQKLLF,7,"[2, 7, 8, 4, 0, 5, 1]"
CASSLAGQGSPYEQYF,12,"[5, 1, 13, 8, 0, 2, 4, 15, 11, 12, 7, 10]"
CASSLTVSYEQYF,7,"[8, 11, 3, 0, 5, 1, 2]"
CASSHTGTSGGRTYNEQFF,12,"[2, 7, 16, 12, 15, 5, 10, 8, 11, 4, 9, 1]"
CSASSSGGTNEKLFF,1,[2]
CASSLGLAGPTDTQYF,3,"[5, 7, 9]"
CASSPDISPNYGYTF,12,"[8, 1, 0, 9, 3, 11, 12, 10, 2, 6, 14, 13]"
ATSSSWDPNQPQH,11,"[11, 6, 12, 10, 2, 9, 5, 4, 1, 3, 7]"
CASSIAQGVSYEQYF,3,"[0, 4, 1]"
CASRGLNTEAFF,6,"[11, 2, 8, 4, 1, 9]"
CASGWENNEQFF,3,"[4, 5, 7]"
ASSIDYYSNQPQH,9,"[2, 3, 9, 1, 7, 4, 6, 5, 0]"
CASSVTSPGSCFF,2,"[2, 4]"
CASSPSPGGVSYNSPLHF,14,"[1, 14, 3, 17, 8, 13, 11, 2, 4, 12, 16, 6, 15, 0]"
CASSPTSGSIYEQCF,4,"[13, 12, 1, 10]"
ASSRTGIDEQF,5,"[4, 0, 7, 9, 5]"
CATREPGTGTYEQYF,3,"[2, 4, 14]"
CASSEGTAYNEQFF,6,"[1, 6, 10, 7, 11, 2]"
CASSWDTNTEAFF,7,"[5, 12, 10, 3, 9, 7, 11]"
CASSYALAGGRYEQYF,2,"[14, 4]"
CASTRGAEGGSYNSPLHF,11,"[14, 16, 2, 1, 17, 13, 3, 8, 4, 5, 10]"
CSVGLLDRAGELFF,4,"[3, 13, 8, 9]"
CATSDWTGGANTEAFF,11,"[6, 11, 8, 0, 13, 5, 7, 3, 2, 15, 14]"
CASSVVALGGDTQYF,13,"[8, 6, 2, 3, 4, 13, 5, 12, 7, 9, 1, 11, 14]"
AASLVASGQETQY,2,"[2, 7]"
CASSLAASGSYEQYF,5,"[9, 13, 0, 12, 1]"
CASSERWRGATGETQYF,1,[13]
CASSLGWANQPQHF,4,"[7, 5, 1, 8]"
CSVGTGALMKKLFF,3,"[1, 7, 8]"
CAISDSSSGSNEQFF,3,"[5, 11, 13]"
CSARPTTGGWAKNIQYF,13,"[6, 0, 8, 11, 14, 12, 13, 2, 3, 4, 10, 1, 5]"
CSAQLAFSSYNEQFF,7,"[4, 7, 10, 8, 3, 11, 0]"
CASTSGGTQHF,5,"[7, 6, 1, 0, 9]"
CASSFPGQGNEKLFF,5,"[6, 0, 4, 1, 12]"
CASSLEIAGGNYNEQFF,15,"[13, 2, 1, 15, 8, 0, 10, 3, 14, 7, 12, 9, 16, 5, 6]"
CSARDRLAGAPYEQYF,1,[8]
ASSARATDTQYFG,7,"[5, 10, 11, 1, 6, 9, 4]"
CASSGQRQFVFF,2,"[8, 2]"
ASSPIAGRRDTQY,6,"[8, 6, 9, 2, 11, 5]"
CASSFGGFNTGELFF,12,"[11, 7, 10, 5, 9, 12, 13, 3, 8, 1, 6, 14]"
SAALGPGELMKNCFF,13,"[4, 11, 14, 1, 6, 13, 8, 9, 12, 2, 3, 0, 10]"
CASSLVWLHYHF,7,"[3, 11, 0, 1, 8, 2, 6]"
CASSAETQYF,9,"[4, 0, 1, 8, 5, 9, 7, 2, 3]"
CSALPGIYNEQFF,7,"[11, 9, 5, 8, 0, 3, 10]"
CASSTPYGETEAFF,12,"[12, 2, 11, 1, 10, 5, 7, 13, 4, 3, 6, 9]"
CASSPHPSDTQYF,6,"[3, 5, 12, 8, 1, 0]"
CASGDLDSIEAFF,9,"[4, 11, 7, 0, 1, 2, 3, 6, 10]"
CASSEKPSGRADTQYF,1,[10]
CASAGTLYNEQFF,10,"[2, 4, 6, 5, 3, 7, 1, 10, 12, 9]"
CSAPGGGGTSYEQYF,12,"[7, 1, 0, 4, 5, 2, 9, 10, 14, 6, 11, 13]"
CSASIIELAGQVSSYEQYF,14,"[10, 1, 4, 0, 15, 16, 11, 5, 8, 7, 9, 14, 6, 12]"
CSVGSGCTNEKLFF,4,"[2, 7, 10, 0]"
CASSEGLEGGPRRDNEQFF,17,"[9, 10, 2, 16, 15, 8, 5, 7, 13, 11, 6, 18, 17, 3, 4, 1, 14]"
CASSLLQDTGANVLTF,12,"[5, 11, 8, 3, 6, 12, 7, 0, 10, 13, 1, 2]"
CASSSDLDRNYYGYTF,7,"[8, 2, 12, 1, 15, 3, 10]"
CASTTLRVSQFF,7,"[9, 0, 4, 8, 6, 5, 1]"
CASLNPRGTDTQYF,1,[9]
CASSLGLAGGGPDTQYF,3,"[3, 15, 5]"
CEGQSNQPQHF,5,"[1, 7, 10, 2, 5]"
CASSSPRDRGDVSNVLTF,9,"[9, 16, 6, 5, 8, 14, 3, 12, 15]"
CASSEFQSPYEQYF,6,"[8, 9, 10, 3, 7, 6]"
CASSIVSTDTQYF,7,"[8, 3, 9, 12, 7, 11, 10]"
CASSWGGGSHYGYTF,1,[5]
CASSSGQGHHYEQYF,12,"[4, 6, 5, 12, 14, 11, 8, 3, 13, 0, 10, 1]"
CATKGGSEAFF,7,"[9, 0, 1, 2, 6, 7, 3]"
CASSLYEGMNTEAFF,5,"[12, 14, 10, 4, 7]"
CASRALLPAGDNSPLHF,11,"[5, 6, 15, 7, 11, 12, 14, 13, 10, 1, 8]"
CSARSLASGRLQPGFEQYF,17,"[10, 2, 6, 1, 5, 3, 9, 14, 7, 8, 18, 4, 0, 11, 15, 16, 13]"
CASSLSGYINEQFF,3,"[2, 10, 11]"
CSVVILLGNEQFF,7,"[12, 11, 3, 10, 8, 9, 5]"
CASSQTTGEVQFTLHF,9,"[2, 5, 1, 8, 0, 14, 6, 3, 13]"
CSARPPTSYGYAL,11,"[7, 12, 1, 0, 6, 8, 3, 10, 4, 5, 9]"
CASSLTGAGDQPQHF,3,"[7, 1, 2]"
CASSLASYEQYF,7,"[1, 4, 9, 11, 8, 3, 0]"
CASSFLGDKHTDTQYF,5,"[2, 7, 5, 9, 13]"
CASSLSLAGRERFF,11,"[5, 12, 13, 4, 11, 9, 3, 7, 10, 0, 1]"
CASSYEAGAGETQYF,9,"[9, 14, 2, 8, 7, 3, 11, 1, 10]"
CASSRLQGHNEKLFF,13,"[12, 0, 6, 2, 1, 8, 13, 7, 11, 9, 10, 5, 3]"
WRAQDTQYF,8,"[2, 6, 7, 1, 4, 0, 8, 3]"
CASSTWTDGKETQYF,4,"[6, 4, 1, 0]"
CASSLGVTTGELFF,12,"[6, 5, 0, 2, 3, 1, 4, 7, 13, 8, 12, 11]"
CASSIGTGIAYEQYF,7,"[5, 7, 3, 2, 6, 12, 13]"
CASSGLAGSQETQYF,2,"[7, 2]"
CASTYSFETQYF,6,"[11, 8, 3, 2, 0, 6]"
CASSLSVGSGGTNEKLF,6,"[13, 0, 11, 16, 15, 4]"
CSVAKPAGAGGSNTGELFF,17,"[2, 10, 13, 3, 9, 12, 18, 8, 1, 16, 14, 4, 6, 0, 17, 15, 7]"
CASSLGGAKNTEAFF,9,"[9, 12, 4, 5, 10, 3, 11, 8, 1]"
CASSPWVAGGFNEQFF,6,"[1, 15, 9, 11, 5, 4]"
ASSQDLGYRKKLNTEAF,7,"[8, 15, 3, 10, 1, 2, 16]"
CAISDPGHRFGEAF,12,"[6, 11, 7, 9, 8, 10, 2, 5, 4, 1, 3, 12]"
CSARGQEFYEQYF,6,"[12, 8, 10, 4, 7, 11]"
CASSPGTGAYEQYF,4,"[7, 12, 0, 13]"
CASSIGPLRRGTQYF,11,"[2, 9, 13, 5, 3, 0, 14, 6, 12, 4, 10]"
CASSARLAGDFNEQFF,6,"[9, 8, 2, 15, 10, 1]"
CASSEVLGLAYNEQFF,5,"[7, 14, 6, 5, 1]"
ASLGGLGGGIQETQY,5,"[5, 3, 11, 8, 7]"
CASSSHGNQPQHF,7,"[8, 3, 5, 7, 12, 1, 0]"
CASSELPGPPDGYTF,7,"[3, 2, 6, 10, 5, 4, 1]"
CASSLERGGGQPQHF,13,"[11, 1, 5, 9, 4, 14, 12, 13, 10, 6, 0, 3, 8]"
CASSLYRSGNTIYF,12,"[8, 3, 6, 9, 11, 0, 7, 5, 4, 10, 12, 2]"
CASSGRGPPQETQYF,13,"[3, 9, 11, 8, 12, 7, 13, 2, 10, 4, 14, 1, 6]"
CASSFGEGLVYNEQFF,11,"[11, 4, 2, 14, 7, 1, 9, 8, 6, 10, 13]"
CASSLVLAGVHEQYF,2,"[14, 4]"
CASSRIEGYTYEQYF,3,"[9, 10, 1]"
CAIRSGGGRTDTQYF,1,[11]
CASSSKDREKATQYF,10,"[14, 0, 1, 9, 13, 2, 4, 7, 8, 3]"
CATSRDLAGGQYEQYF,11,"[8, 11, 13, 10, 14, 2, 12, 5, 0, 4, 7]"
CASSQASGGYTGELFF,6,"[0, 4, 9, 15, 13, 5]"
CASSEAVYVNTEAFF,7,"[0, 11, 4, 7, 3, 6, 5]"
CASSQDFTYEQYF,1,[3]
CASSFQGSPQETQYF,7,"[0, 10, 5, 9, 2, 8, 11]"
CSARSENTGELFF,11,"[5, 8, 2, 1, 0, 7, 6, 4, 11, 9, 12]"
SAPARVSYEQY,4,"[5, 9, 6, 3]"
CASSLDGQGPLYGYTF,4,"[10, 2, 9, 13]"
CSSSQTDTQYF,6,"[0, 6, 7, 4, 5, 9]"
CASSLAATNVLTF,2,"[3, 12]"
CASSSAALLSYEQYF,12,"[11, 12, 3, 2, 9, 6, 13, 14, 1, 10, 4, 5]"
CASSLFSGGAAMNTEAFF,8,"[17, 5, 13, 12, 2, 14, 16, 3]"
CASSHGAGGTIEAFF,7,"[5, 13, 2, 10, 7, 9, 3]"
CASSYRTRGSNQPQHF,4,"[4, 8, 15, 3]"
CASSRGLAATDTQYF,3,"[0, 2, 4]"
CSVGGTGVNEQFF,10,"[2, 10, 4, 8, 6, 0, 12, 1, 7, 5]"
CSVVDTEAFF,4,"[5, 2, 3, 4]"
CASTHGPAGDEQYF,4,"[0, 12, 11, 10]"
CASGKGQMNTEAFF,9,"[4, 8, 13, 12, 9, 2, 0, 7, 3]"
CASHISTGELFF,1,[1]
CASSGAGAYNEQFF,6,"[13, 6, 8, 0, 4, 2]"
CASSLERESDYNEQFF,10,"[1, 7, 13, 10, 14, 6, 0, 3, 11, 8]"
CASSWAGAKNIQYF,12,"[12, 2, 6, 7, 8, 1, 0, 9, 3, 5, 4, 11]"
CASSVGSGRAYEQYF,10,"[8, 6, 0, 5, 14, 13, 3, 9, 11, 7]"
CASSELGWREKVEQFF,5,"[7, 5, 10, 2, 6]"
CASSMRSGSKQYF,5,"[5, 10, 6, 4, 12]"
CASSPGHKFYEQYF,2,"[9, 0]"
CSAEGGGSYEQYF,1,[5]
CSAIGTYEQYF,6,"[9, 4, 1, 0, 6, 5]"
CSARDRDRGYEQYF,11,"[10, 5, 7, 1, 6, 13, 4, 8, 0, 11, 2]"
CSVEGEGFVQETQYF,11,"[10, 11, 4, 7, 0, 14, 12, 5, 1, 2, 8]"
CLVGGTGSGTSGAYSYNEQFF,5,"[13, 1, 18, 19, 10]"
CASTLQASGANVLTF,11,"[14, 9, 4, 6, 8, 5, 11, 13, 12, 3, 10]"
CASSVASGRAHEQYF,12,"[4, 6, 13, 14, 8, 10, 11, 7, 9, 0, 5, 2]"
CSASREMYGYTA,9,"[7, 5, 11, 1, 9, 10, 0, 2, 6]"
CATSDFSGSYNEQFF,7,"[1, 3, 9, 2, 8, 10, 4]"
CASSYSPGAYTEAFF,13,"[6, 13, 4, 11, 1, 2, 7, 9, 14, 5, 10, 8, 0]"
CASSFLAGEPDTQYF,6,"[2, 0, 4, 5, 11, 14]"
CAISSGTGFLDTGELFF,7,"[4, 11, 15, 8, 13, 2, 12]"
CASSLAGQEDQYF,8,"[8, 11, 1, 5, 9, 7, 4, 6]"
CASSWTGTEAFF,2,"[1, 9]"
CASSQESYEGGELFF,3,"[1, 6, 3]"
CASSPGAGATDTQYF,8,"[12, 2, 13, 0, 5, 1, 8, 14]"
CASSIGGSSYNEQFF,4,"[12, 11, 8, 3]"
CASSFRQSNYNEQFF,9,"[13, 8, 2, 5, 3, 6, 0, 4, 7]"
CACPPEEGGHYGYTF,4,"[0, 6, 14, 4]"
CASSLALAGGSETQYF,14,"[13, 9, 6, 3, 8, 2, 4, 12, 11, 10, 1, 5, 0, 15]"
CASSPNRGLDNEQFF,13,"[13, 2, 4, 7, 8, 6, 11, 1, 14, 0, 3, 9, 12]"
CASRRQGTVYEQYF,5,"[3, 13, 6, 7, 10]"
CASSNAWASGSADTQYF,1,[10]
CASSPRGDSSYNEQFF,1,[8]
CASSQVLVGGSTDTQYF,1,[9]
CASSLEGLGKTNTGELFF,10,"[7, 1, 0, 16, 6, 3, 9, 14, 11, 17]"
CASSLGESGRAHEQFF,14,"[4, 1, 12, 5, 10, 3, 8, 13, 15, 9, 2, 14, 0, 6]"
CASSISSGTGNSPLHF,13,"[7, 11, 5, 14, 3, 6, 0, 2, 12, 13, 8, 10, 15]"
CASSYKTGQGSMNTEAFF,13,"[7, 15, 13, 6, 11, 5, 17, 4, 10, 3, 9, 2, 14]"
CASSLTPNTEAFF,3,"[4, 10, 11]"
CASSLSPYYEQYF,9,"[0, 1, 6, 8, 11, 3, 7, 9, 5]"
ASSFGTGYEQY,9,"[1, 7, 9, 2, 6, 0, 8, 4, 5]"
CASSFGGTGSGETQYF,2,"[6, 3]"
CSARDPRLDHSTDTQYF,7,"[4, 10, 2, 8, 12, 0, 6]"
CSARALEEGSYEQYF,10,"[9, 5, 2, 8, 6, 4, 3, 11, 12, 7]"
CASSLWGLAGGMGRTQYF,4,"[16, 12, 7, 17]"
CASSSGQGVEKLFF,9,"[9, 5, 12, 6, 1, 2, 8, 0, 7]"
CSVDKEGNEQFF,8,"[1, 7, 2, 4, 5, 6, 11, 9]"
CASIGMTDSYEQYF,4,"[5, 9, 3, 8]"
CASSYGDTQYF,2,"[2, 3]"
CAISESTSGIYEQYF,8,"[13, 0, 14, 9, 10, 12, 6, 3]"
CAWSISDLAKNIQYF,7,"[3, 11, 7, 6, 2, 5, 12]"
CASNQGYSNQPQHF,2,"[13, 10]"
CAFRQGLGEYTDTQYF,3,"[14, 5, 3]"
ASSIRSGIEQF,6,"[6, 7, 0, 5, 9, 1]"
ASSIRSGQEQF,9,"[6, 8, 2, 5, 9, 7, 0, 3, 1]"
CASSIFGSEGNEQFF,3,"[2, 10, 0]"
CAARETSGSRLTF,6,"[12, 4, 3, 2, 6, 7]"
CASSLTAPSSYNEQFF,13,"[12, 5, 7, 14, 13, 8, 15, 4, 10, 2, 3, 6, 9]"
CASSLGSYGYTF,2,"[9, 10]"
CASSALVGSASTLFF,1,[11]
CASSPTQGKYYEQYF,11,"[13, 6, 3, 11, 1, 9, 14, 8, 4, 12, 0]"
CATSRDFTDTQYF,7,"[7, 12, 3, 4, 8, 1, 5]"
CASSLVIAGGLGTDTQYF,14,"[6, 5, 4, 11, 12, 15, 10, 13, 1, 17, 9, 14, 3, 8]"
CASSVSGGFEAFF,9,"[12, 7, 0, 10, 6, 1, 4, 8, 11]"
CASSSGLAGGWELFF,4,"[12, 6, 10, 8]"
CASSELAGGDRTEAFF,1,[0]
CASSGLSNQPQHF,3,"[6, 5, 4]"
CASSQHTGSSYNEQFF,1,[10]
CASGGGYEQYF,9,"[8, 2, 10, 1, 4, 0, 7, 9, 3]"
CASRGSGVYEQYF,10,"[1, 6, 3, 9, 11, 4, 2, 7, 5, 0]"
CASSQVGALEQYF,10,"[7, 5, 10, 0, 8, 9, 4, 1, 2, 6]"
ASSQEVAGATGEL,2,"[12, 3]"
CASSSLGQTMNTEAFF,8,"[13, 15, 5, 10, 3, 14, 9, 7]"
CASQDYHGGIAKNIQYF,12,"[15, 1, 11, 14, 7, 3, 10, 4, 13, 12, 8, 16]"
CASSQDPRNSYNEQFF,6,"[4, 2, 13, 3, 7, 15]"
