target_idx,peptide,mhc,l_v_seq,l_v_count,l_j_seq,l_j_count
0,VVGAVGVGK,A1101,QKEVEQNSGPLSVPEGAIASLNCTYSDRGSQSFFWYRQYSGKSPELIMFIYSNGDKEDGRFTAQLNKASQYVSLLIRDSQPSDSATYLCAVN,1970,NYGGSQGNLIFGKGTKLSVKP,1715
1,VVVGADGVGK,A1101,QKEVEQNSGPLSVPEGAIASLNCTYSDRGSQSFFWYRQYSGKSPELIMFIYSNGDKEDGRFTAQLNKASQYVSLLIRDSQPSDSATYLCAVN,1970,NYGGSQGNLIFGKGTKLSVKP,1715
2,VVVGAVGVGK,A1101,QKEVEQNSGPLSVPEGAIASLNCTYSDRGSQSFFWYRQYSGKSPELIMFIYSNGDKEDGRFTAQLNKASQYVSLLIRDSQPSDSATYLCAVN,1970,NYGGSQGNLIFGKGTKLSVKP,1715
3,VVGAVGVGK,A0301,QKEVEQNSGPLSVPEGAIASLNCTYSDRGSQSFFWYRQYSGKSPELIMFIYSNGDKEDGRFTAQLNKASQYVSLLIRDSQPSDSATYLCAVN,1970,NYGGSQGNLIFGKGTKLSVKP,1715
4,VVVGAVGVGK,A0301,QKEVEQNSGPLSVPEGAIASLNCTYSDRGSQSFFWYRQYSGKSPELIMFIYSNGDKEDGRFTAQLNKASQYVSLLIRDSQPSDSATYLCAVN,1970,NYGGSQGNLIFGKGTKLSVKP,1715
5,SLLQHLIGL,A0201,QKEVEQNSGPLSVPEGAIASLNCTYSDRGSQSFFWYRQYSGKSPELIMFIYSNGDKEDGRFTAQLNKASQYVSLLIRDSQPSDSATYLCAVN,1970,NYGGSQGNLIFGKGTKLSVKP,1715
6,SLLQHLIGL,A2402,QKEVEQNSGPLSVPEGAIASLNCTYSDRGSQSFFWYRQYSGKSPELIMFIYSNGDKEDGRFTAQLNKASQYVSLLIRDSQPSDSATYLCAVN,1970,NYGGSQGNLIFGKGTKLSVKP,1715
7,LYVDSLFFL,A2402,QKEVEQNSGPLSVPEGAIASLNCTYSDRGSQSFFWYRQYSGKSPELIMFIYSNGDKEDGRFTAQLNKASQYVSLLIRDSQPSDSATYLCAVN,1970,NYGGSQGNLIFGKGTKLSVKP,1715
8,ASSYISPEK,A1101,QKEVEQNSGPLSVPEGAIASLNCTYSDRGSQSFFWYRQYSGKSPELIMFIYSNGDKEDGRFTAQLNKASQYVSLLIRDSQPSDSATYLCAVN,1970,NYGGSQGNLIFGKGTKLSVKP,1715
9,SALQSLLQH,A1101,QKEVEQNSGPLSVPEGAIASLNCTYSDRGSQSFFWYRQYSGKSPELIMFIYSNGDKEDGRFTAQLNKASQYVSLLIRDSQPSDSATYLCAVN,1970,NYGGSQGNLIFGKGTKLSVKP,1715
